subreddit 1,subreddit 2
UkrainianConflict,UkrainianConflict4
UkrainianConflict4,UkrainianConflict
RSDarkscape,UggyRS
nsfw_gifs,gifs
generals,HeroesandGenerals
gifs,nsfw_gifs
lgg5,lgg4
lgg4,lgg5
UggyRS,RSDarkscape
HeroesandGenerals,generals
bioniclelego,lego
ImagesOfThe1920s,ImagesOfThe1950s
ImagesOfThe1920s,ImagesOfThe1930s
ToManga,manga
lego,bioniclelego
ImagesOfThe1950s,ImagesOfThe1920s
ImagesOfThe1950s,ImagesOfThe1930s
manga,ToManga
ImagesOfThe1930s,ImagesOfThe1920s
ImagesOfThe1930s,ImagesOfThe1950s
DnD,DnB
DnB,DnD
BigBoobsGonewild,BoobsSelfshots
BoobsSelfshots,BigBoobsGonewild
DNCleaks,HOTandTRENDING
HOTandTRENDING,DNCleaks
esports,esportsnews
esportsnews,esports
Hair,curlyhair
curlyhair,Hair
RocketLeagueFriends,RocketLeague
RocketLeague,RocketLeagueFriends
cosplaygirls,nsfwcosplay
nsfwcosplay,cosplaygirls
rust,playrust
playrust,rust
RPGMaker,Pathfinder_RPG
Pathfinder_RPG,RPGMaker
pokemongoNYC,HOTandTRENDING
HOTandTRENDING,pokemongoNYC
comicbooks,comicbookart
comicbookart,comicbooks
russiawarinukraine,russia
russia,russiawarinukraine
nsfw_gifs,reactiongifs
reactiongifs,nsfw_gifs
reactiongifs,gifs
gifs,reactiongifs
DNCleaks,AyyMD
AyyMD,DNCleaks
NSFWFunny,HOTandTRENDING
HOTandTRENDING,NSFWFunny
csgotrade,csgo
csgo,csgotrade
DCcomics,DNCleaks
DNCleaks,DCcomics
DCcomics,AyyMD
AyyMD,DCcomics
gay,gayporn
gayporn,gay
NSFWFunny,pokemongoNYC
pokemongoNYC,NSFWFunny
bassfishing,Fishing
Fishing,bassfishing
RSDarkscape,Wicked_JohnRS
Wicked_JohnRS,RSDarkscape
Wicked_JohnRS,UggyRS
UggyRS,Wicked_JohnRS
programmingcirclejerk,circlejerk
circlejerk,programmingcirclejerk
playrust,playrustservers
playrustservers,playrust
RSDarkscape,HOTandTRENDING
UggyRS,HOTandTRENDING
HOTandTRENDING,RSDarkscape
HOTandTRENDING,UggyRS
nsfw_gifs,gifsbabes
gifs,gifsbabes
gifsbabes,nsfw_gifs
gifsbabes,gifs
ShitAmericansSay,ShitLiberalsSay
ShitLiberalsSay,ShitAmericansSay
ParagonLFG,OverwatchLFT
OverwatchLFT,ParagonLFG
AyyMD,HOTandTRENDING
HOTandTRENDING,AyyMD
nsfw_gifs,whitepeoplegifs
gifs,whitepeoplegifs
whitepeoplegifs,nsfw_gifs
whitepeoplegifs,gifs
fpv,fpvracing
fpvracing,fpv
Amateur,amateur_boxing
amateur_boxing,Amateur
exmuslim,exchristian
exchristian,exmuslim
Pathfinder_RPG,HOTandTRENDING
HOTandTRENDING,Pathfinder_RPG
PSNFriends,pokemongoNYC
pokemongoNYC,PSNFriends
pokemongoNYC,DNCleaks
DNCleaks,pokemongoNYC
PSNFriends,NSFWFunny
NSFWFunny,PSNFriends
NSFWFunny,FantasyLCS
FantasyLCS,NSFWFunny
ParagonLFG,FantasyLCS
FantasyLCS,ParagonLFG
PKGOAtlanta,HOTandTRENDING
HOTandTRENDING,PKGOAtlanta
RSDarkscape,Pathfinder_RPG
Pathfinder_RPG,RSDarkscape
Pathfinder_RPG,UggyRS
UggyRS,Pathfinder_RPG
ParagonLFG,GOtrades
GOtrades,ParagonLFG
PSNFriends,HOTandTRENDING
HOTandTRENDING,PSNFriends
Pathfinder_RPG,OutreachHPG
OutreachHPG,Pathfinder_RPG
TrueReddit,DealsReddit
DealsReddit,TrueReddit
RSDarkscape,DNCleaks
DNCleaks,RSDarkscape
DNCleaks,UggyRS
UggyRS,DNCleaks
MovieposterFans,CityFans
CityFans,MovieposterFans
cartoons,CARTOON
CARTOON,cartoons
programming,C_Programming
C_Programming,programming
RPGMaker,HOTandTRENDING
HOTandTRENDING,RPGMaker
pokemongoyellow,pokemon
pokemon,pokemongoyellow
FantasyLCS,HOTandTRENDING
HOTandTRENDING,FantasyLCS
GOtrades,OutreachHPG
OutreachHPG,GOtrades
OutreachHPG,HOTandTRENDING
HOTandTRENDING,OutreachHPG
ParagonLFG,HOTandTRENDING
HOTandTRENDING,ParagonLFG
NSFWFunny,ParagonLFG
ParagonLFG,NSFWFunny
summonerswar,wargame
wargame,summonerswar
swimmingnews,Swimming
Swimming,swimmingnews
RSDarkscape,AyyMD
AyyMD,RSDarkscape
AyyMD,UggyRS
UggyRS,AyyMD
EASportsUFC,FUTMobile
FUTMobile,EASportsUFC
anime_irl,ToManga
anime_irl,manga
ToManga,anime_irl
manga,anime_irl
wownoob,kronos2wow
kronos2wow,wownoob
PKGOAtlanta,GOtrades
GOtrades,PKGOAtlanta
NewsChina,GeinouNews
GeinouNews,NewsChina
guns,Firearms
Firearms,guns
NSFWFunny,DNCleaks
DNCleaks,NSFWFunny
FantasyLCS,pokemongoNYC
pokemongoNYC,FantasyLCS
RSDarkscape,RPGMaker
RPGMaker,RSDarkscape
RPGMaker,UggyRS
UggyRS,RPGMaker
ParagonLFG,Pathfinder_RPG
Pathfinder_RPG,ParagonLFG
PKGOAtlanta,OutreachHPG
OutreachHPG,PKGOAtlanta
gonewildcurvy,gonewildchubby
gonewildchubby,gonewildcurvy
PSNFriends,DNCleaks
DNCleaks,PSNFriends
PKGOAtlanta,ParagonLFG
ParagonLFG,PKGOAtlanta
GOtrades,Pathfinder_RPG
Pathfinder_RPG,GOtrades
ImagesOfJapan,ImagesOfIndia
ImagesOfIndia,ImagesOfJapan
PKGOAtlanta,Pathfinder_RPG
Pathfinder_RPG,PKGOAtlanta
WWEGames,NSFWFunny
NSFWFunny,WWEGames
gay,gaybears
gaybears,gay
howyoudoin,doyoucope
doyoucope,howyoudoin
RPGMaker,GOtrades
GOtrades,RPGMaker
discgolf,golf
golf,discgolf
PKGOAtlanta,RPGMaker
RPGMaker,PKGOAtlanta
gay,gaybros
gaybros,gay
TWDRoadToSurvival,HOTandTRENDING
HOTandTRENDING,TWDRoadToSurvival
DCcomics,Unity3D
Unity3D,DCcomics
ImagesOfWyoming,ImagesOfThe1920s
ImagesOfWyoming,ImagesOfThe1950s
ImagesOfWyoming,ImagesOfThe1930s
ImagesOfThe1920s,ImagesOfWyoming
ImagesOfThe1950s,ImagesOfWyoming
ImagesOfThe1930s,ImagesOfWyoming
GOtrades,MotoG
MotoG,GOtrades
RPGMaker,OutreachHPG
OutreachHPG,RPGMaker
pokemongoNYC,NBA2k
NBA2k,pokemongoNYC
MovieposterFans,EarthFans
EarthFans,MovieposterFans
NSFWFunny,FUTMobile
FUTMobile,NSFWFunny
NBA2k,HOTandTRENDING
HOTandTRENDING,NBA2k
csgoscammers,csgo
csgo,csgoscammers
MangaManga,BorutoMangaMe
BorutoMangaMe,MangaManga
whitepeoplegifs,gifsbabes
gifsbabes,whitepeoplegifs
WWEGames,HOTandTRENDING
HOTandTRENDING,WWEGames
PSNFriends,FantasyLCS
FantasyLCS,PSNFriends
NSFWFunny,OverwatchLFT
OverwatchLFT,NSFWFunny
RSDarkscape,NSFWFunny
NSFWFunny,RSDarkscape
NSFWFunny,UggyRS
UggyRS,NSFWFunny
FantasyLCS,OverwatchLFT
OverwatchLFT,FantasyLCS
PSNFriends,RSDarkscape
PSNFriends,UggyRS
RSDarkscape,PSNFriends
UggyRS,PSNFriends
PSNFriends,OutreachHPG
OutreachHPG,PSNFriends
RSDarkscape,FantasyLCS
FantasyLCS,RSDarkscape
FantasyLCS,UggyRS
UggyRS,FantasyLCS
TF2fashionadvice,FUTMobile
FUTMobile,TF2fashionadvice
FUTMobile,OverwatchLFT
OverwatchLFT,FUTMobile
randomactsofcsgo,csgo
csgo,randomactsofcsgo
RedditAndChill,TrueReddit
TrueReddit,RedditAndChill
curvy,gonewildcurvy
gonewildcurvy,curvy
Military,MilitaryProcurement
MilitaryProcurement,Military
PKGOAtlanta,FantasyLCS
FantasyLCS,PKGOAtlanta
DNCleaks,Pathfinder_RPG
Pathfinder_RPG,DNCleaks
csgomarketforum,csgotrade
csgotrade,csgomarketforum
DCcomics,DJs
DJs,DCcomics
SecNewsGR,HOTandTRENDING
HOTandTRENDING,SecNewsGR
wec,ufc
ufc,wec
HOTandTRENDING,OverwatchLFT
OverwatchLFT,HOTandTRENDING
CompetitiveHS,HOTandTRENDING
HOTandTRENDING,CompetitiveHS
OCLions,OCPoetry
OCPoetry,OCLions
SiliconValleyHBO,HOTandTRENDING
HOTandTRENDING,SiliconValleyHBO
GOtrades,HOTandTRENDING
HOTandTRENDING,GOtrades
AyyMD,Pathfinder_RPG
Pathfinder_RPG,AyyMD
csgomarketforum,csgo
csgo,csgomarketforum
MTVScream,HOTandTRENDING
HOTandTRENDING,MTVScream
PSNFriends,Pathfinder_RPG
Pathfinder_RPG,PSNFriends
nsfwacct10,duelyst
duelyst,nsfwacct10
progun,gunpolitics
gunpolitics,progun
RPGMaker,DNCleaks
DNCleaks,RPGMaker
EASportsUFC,NSFWFunny
NSFWFunny,EASportsUFC
DNCleaks,TWDRoadToSurvival
TWDRoadToSurvival,DNCleaks
PKGOAtlanta,NSFWFunny
NSFWFunny,PKGOAtlanta
ParagonLFG,OutreachHPG
OutreachHPG,ParagonLFG
NSFWFunny,NBA2k
NBA2k,NSFWFunny
reactiongifs,whitepeoplegifs
whitepeoplegifs,reactiongifs
FlashTV,MTVScream
MTVScream,FlashTV
ParagonLFG,pokemongoNYC
pokemongoNYC,ParagonLFG
NBAForums,NBASpurs
NBASpurs,NBAForums
iosgaming,youtubegaming
youtubegaming,iosgaming
EASportsUFC,FantasyLCS
FantasyLCS,EASportsUFC
RSDarkscape,pokemongoNYC
pokemongoNYC,RSDarkscape
pokemongoNYC,UggyRS
UggyRS,pokemongoNYC
PSNFriends,PKGOAtlanta
PKGOAtlanta,PSNFriends
RSDarkscape,CompetitiveHS
CompetitiveHS,RSDarkscape
CompetitiveHS,UggyRS
UggyRS,CompetitiveHS
PKGOAtlanta,pokemongoNYC
pokemongoNYC,PKGOAtlanta
TankPorn,ShinyPorn
ShinyPorn,TankPorn
FUTMobile,HOTandTRENDING
HOTandTRENDING,FUTMobile
RPGMaker,SecNewsGR
SecNewsGR,RPGMaker
circlejerk,rpdrcirclejerk
rpdrcirclejerk,circlejerk
pokemongoNYC,OutreachHPG
OutreachHPG,pokemongoNYC
FantasyLCS,AyyMD
AyyMD,FantasyLCS
iOSProgramming,HOTandTRENDING
HOTandTRENDING,iOSProgramming
hockeyplayers,wildhockey
wildhockey,hockeyplayers
iOSProgramming,NSFWFunny
NSFWFunny,iOSProgramming
truetf2,duelyst
duelyst,truetf2
truetf2,nsfwacct10
nsfwacct10,truetf2
SecNewsGR,Pathfinder_RPG
Pathfinder_RPG,SecNewsGR
guns,GunsAreCool
GunsAreCool,guns
TF2fashionadvice,CTTandcoTwitter
CTTandcoTwitter,TF2fashionadvice
pokemongoNYC,Pathfinder_RPG
Pathfinder_RPG,pokemongoNYC
rust,playrustservers
playrustservers,rust
politics,gunpolitics
gunpolitics,politics
RPGMaker,ParagonLFG
ParagonLFG,RPGMaker
iOSProgramming,OCPoetry
OCPoetry,iOSProgramming
TheForest,ElectricForest
ElectricForest,TheForest
TF2fashionadvice,OverwatchLFT
OverwatchLFT,TF2fashionadvice
FREE,freedesign
freedesign,FREE
DNCleaks,NBA2k
NBA2k,DNCleaks
PSNFriends,RPGMaker
RPGMaker,PSNFriends
MHOnline,CompetitiveHS
CompetitiveHS,MHOnline
ParagonLFG,AyyMD
AyyMD,ParagonLFG
BritishPolitics,politics
politics,BritishPolitics
NSFWFunny,CompetitiveHS
CompetitiveHS,NSFWFunny
NBASpurs,HOTandTRENDING
HOTandTRENDING,NBASpurs
RedditAndChill,DealsReddit
DealsReddit,RedditAndChill
WWEGames,FantasyLCS
FantasyLCS,WWEGames
EverythingScience,askscience
askscience,EverythingScience
omegle,rickandmorty
rickandmorty,omegle
EASportsUFC,HOTandTRENDING
HOTandTRENDING,EASportsUFC
reactiongifs,gifsbabes
gifsbabes,reactiongifs
TrueReddit,TopMindsOfReddit
TopMindsOfReddit,TrueReddit
MHOnline,HOTandTRENDING
HOTandTRENDING,MHOnline
RSDarkscape,SecNewsGR
SecNewsGR,RSDarkscape
SecNewsGR,UggyRS
UggyRS,SecNewsGR
MotoUK,MotoG
MotoG,MotoUK
Business_Ideas,business
business,Business_Ideas
FantasyLCS,Pathfinder_RPG
Pathfinder_RPG,FantasyLCS
SkyrimPorn,ShinyPorn
ShinyPorn,SkyrimPorn
TankPorn,AnimalPorn
AnimalPorn,TankPorn
DCcomics,HOTandTRENDING
HOTandTRENDING,DCcomics
TF2fashionadvice,HOTandTRENDING
HOTandTRENDING,TF2fashionadvice
ImagesOfWyoming,imagesofthe1960s
imagesofthe1960s,ImagesOfWyoming
Pathfinder_RPG,OverwatchLFT
OverwatchLFT,Pathfinder_RPG
woweconomy,kronos2wow
kronos2wow,woweconomy
NSFWFunny,TWDRoadToSurvival
TWDRoadToSurvival,NSFWFunny
MTVScream,AyyMD
AyyMD,MTVScream
RandomActsOfBlowJob,Random_Acts_Of_Sex
Random_Acts_Of_Sex,RandomActsOfBlowJob
FantasyLCS,DNCleaks
DNCleaks,FantasyLCS
NBAForums,HOTandTRENDING
HOTandTRENDING,NBAForums
EASportsUFC,pokemongoNYC
pokemongoNYC,EASportsUFC
PokemonGoUK,MotoUK
MotoUK,PokemonGoUK
iOSProgramming,C_Programming
C_Programming,iOSProgramming
KindleFreebies,eFreebies
eFreebies,KindleFreebies
ParagonLFG,FUTMobile
FUTMobile,ParagonLFG
FantasyLCS,CompetitiveHS
CompetitiveHS,FantasyLCS
Wicked_JohnRS,HOTandTRENDING
HOTandTRENDING,Wicked_JohnRS
puretppc,truetf2
truetf2,puretppc
reggae,Jazz
Jazz,reggae
DCcomics,RSDarkscape
DCcomics,UggyRS
RSDarkscape,DCcomics
UggyRS,DCcomics
AyyMD,TWDRoadToSurvival
TWDRoadToSurvival,AyyMD
DJs,DNCleaks
DNCleaks,DJs
MHOnline,AyyMD
AyyMD,MHOnline
cumsluts,snapchat_sluts
snapchat_sluts,cumsluts
ImagesOfNewZealand,ImagesOfNewYork
ImagesOfNewYork,ImagesOfNewZealand
FantasyLCS,OutreachHPG
OutreachHPG,FantasyLCS
ImmigrationNews,GeinouNews
GeinouNews,ImmigrationNews
DNCleaks,Unity3D
Unity3D,DNCleaks
FantasyLCS,FUTMobile
FUTMobile,FantasyLCS
MotoUK,FUTMobile
FUTMobile,MotoUK
ForeverAloneDating,dating
dating,ForeverAloneDating
RSDarkscape,TWDRoadToSurvival
TWDRoadToSurvival,RSDarkscape
TWDRoadToSurvival,UggyRS
UggyRS,TWDRoadToSurvival
CompetitiveHS,OutreachHPG
OutreachHPG,CompetitiveHS
TF2fashionadvice,MTVScream
MTVScream,TF2fashionadvice
ParagonLFG,DNCleaks
DNCleaks,ParagonLFG
NSFWFunny,OutreachHPG
OutreachHPG,NSFWFunny
iOSProgramming,pokemongoNYC
pokemongoNYC,iOSProgramming
EASportsUFC,ParagonLFG
ParagonLFG,EASportsUFC
GamerVideos,LetsPlayVideos
LetsPlayVideos,GamerVideos
DJs,AyyMD
AyyMD,DJs
NSFWFunny,AyyMD
AyyMD,NSFWFunny
iOSProgramming,FantasyLCS
FantasyLCS,iOSProgramming
TopMindsOfReddit,DealsReddit
DealsReddit,TopMindsOfReddit
ecommerce,esports
esports,ecommerce
pokemongoNYC,NBASpurs
NBASpurs,pokemongoNYC
mymusic,fuckmusic
fuckmusic,mymusic
pokemongoNYC,AyyMD
AyyMD,pokemongoNYC
showerbeer,beermoney
beermoney,showerbeer
WWEGames,pokemongoNYC
pokemongoNYC,WWEGames
asktransgender,gay
gay,asktransgender
JusticePorn,IncestPorn
IncestPorn,JusticePorn
manandwoman,BurningMan
BurningMan,manandwoman
spotify,shopify
shopify,spotify
ar15,rickandmorty
rickandmorty,ar15
woahdude,rss_boingboing
rss_boingboing,woahdude
gayporn,gaybros
gaybros,gayporn
PokemonROMhacks,HOTandTRENDING
HOTandTRENDING,PokemonROMhacks
PSNFriends,ParagonLFG
ParagonLFG,PSNFriends
fpv,truetf2
truetf2,fpv
mymusic,70smusic
70smusic,mymusic
ImagesOfThe1920s,imagesofthe1960s
ImagesOfThe1950s,imagesofthe1960s
imagesofthe1960s,ImagesOfThe1920s
imagesofthe1960s,ImagesOfThe1950s
imagesofthe1960s,ImagesOfThe1930s
ImagesOfThe1930s,imagesofthe1960s
GamerVideos,ArtisanVideos
ArtisanVideos,GamerVideos
ToManga,MangaManga
MangaManga,ToManga
MangaManga,manga
manga,MangaManga
cosplaygirls,sexygirls
sexygirls,cosplaygirls
AyyMD,KenM
KenM,AyyMD
chicagor4r,Cleveland
Cleveland,chicagor4r
PokemonGoUK,PokemonROMhacks
PokemonROMhacks,PokemonGoUK
southafrica,NorthAmerican
NorthAmerican,southafrica
RSDarkscape,ParagonLFG
ParagonLFG,RSDarkscape
ParagonLFG,UggyRS
UggyRS,ParagonLFG
pokemongoNYC,OverwatchLFT
OverwatchLFT,pokemongoNYC
NSFWFunny,Wicked_JohnRS
Wicked_JohnRS,NSFWFunny
gayporn,shittyfoodporn
shittyfoodporn,gayporn
NBASpurs,NBA2k
NBA2k,NBASpurs
rss_boingboing,rickandmorty
rickandmorty,rss_boingboing
RPGMaker,pokemongoNYC
pokemongoNYC,RPGMaker
pokemongoNYC,TWDRoadToSurvival
TWDRoadToSurvival,pokemongoNYC
RPGMaker,AyyMD
AyyMD,RPGMaker
PSNFriends,NBA2k
NBA2k,PSNFriends
ImagesOfWyoming,ImagesOfTexas
ImagesOfTexas,ImagesOfWyoming
NewsChina,FreeEuropeNews
FreeEuropeNews,NewsChina
fitgirls,sexygirls
sexygirls,fitgirls
OverwatchCirclejerk,Rule34Overwatch
Rule34Overwatch,OverwatchCirclejerk
beatles,radiohead
radiohead,beatles
PSNFriends,iOSProgramming
iOSProgramming,PSNFriends
NSFWFunny,MTVScream
MTVScream,NSFWFunny
NSFWFunny,Pathfinder_RPG
Pathfinder_RPG,NSFWFunny
EASportsUFC,OverwatchLFT
OverwatchLFT,EASportsUFC
DJs,HOTandTRENDING
HOTandTRENDING,DJs
ambientmusic,industrialmusic
industrialmusic,ambientmusic
Wicked_JohnRS,Pathfinder_RPG
Pathfinder_RPG,Wicked_JohnRS
CTTandcoTwitter,FUTMobile
FUTMobile,CTTandcoTwitter
MHOnline,MTVScream
MTVScream,MHOnline
OCLions,HOTandTRENDING
HOTandTRENDING,OCLions
DNCleaks,NBASpurs
NBASpurs,DNCleaks
Seahawks,phillies
phillies,Seahawks
omegle,ledootgeneration
ledootgeneration,omegle
Miami,florida
florida,Miami
ockytop,rickandmorty
rickandmorty,ockytop
DNCleaks,Wicked_JohnRS
Wicked_JohnRS,DNCleaks
FantasyLCS,TWDRoadToSurvival
TWDRoadToSurvival,FantasyLCS
imagesofthe1960s,ImagesOfIndia
ImagesOfIndia,imagesofthe1960s
StockMarket,Stock_Picks
Stock_Picks,StockMarket
OCPoetry,HOTandTRENDING
HOTandTRENDING,OCPoetry
NintendoNX,PleX
PleX,NintendoNX
AyyMD,OverwatchLFT
OverwatchLFT,AyyMD
DNCleaks,SecNewsGR
SecNewsGR,DNCleaks
JusticePorn,TankPorn
TankPorn,JusticePorn
OCPoetry,pokemongoNYC
pokemongoNYC,OCPoetry
MHOnline,OutreachHPG
OutreachHPG,MHOnline
RSDarkscape,OverwatchLFT
UggyRS,OverwatchLFT
OverwatchLFT,RSDarkscape
OverwatchLFT,UggyRS
TF2fashionadvice,TWDRoadToSurvival
TWDRoadToSurvival,TF2fashionadvice
fpv,ynab
ynab,fpv
florida,Ohio
Ohio,florida
NBAForums,pokemongoNYC
pokemongoNYC,NBAForums
GameStop,EvolveGame
EvolveGame,GameStop
FantasyLCS,NBA2k
NBA2k,FantasyLCS
PKGOAtlanta,DNCleaks
DNCleaks,PKGOAtlanta
IncestPorn,AnimalPorn
AnimalPorn,IncestPorn
PKGOAtlanta,OverwatchLFT
OverwatchLFT,PKGOAtlanta
comicbooks,comiccon
comiccon,comicbooks
pokemongoNYC,FUTMobile
FUTMobile,pokemongoNYC
NSFWFunny,NBASpurs
NBASpurs,NSFWFunny
PSNFriends,AyyMD
AyyMD,PSNFriends
AyyMD,SecNewsGR
SecNewsGR,AyyMD
PKGOAtlanta,AyyMD
AyyMD,PKGOAtlanta
britishproblems,BritishPolitics
BritishPolitics,britishproblems
RPGMaker,Wicked_JohnRS
Wicked_JohnRS,RPGMaker
woahdude,ihavenolifeee
ihavenolifeee,woahdude
PSNFriends,CompetitiveHS
CompetitiveHS,PSNFriends
JusticePorn,ShinyPorn
ShinyPorn,JusticePorn
FlashTV,FUTMobile
FUTMobile,FlashTV
nsfwcosplay,anime_irl
anime_irl,nsfwcosplay
PKGOAtlanta,WWEGames
WWEGames,PKGOAtlanta
chicagor4r,chicagoroommates
chicagoroommates,chicagor4r
MTVScream,FantasyLCS
FantasyLCS,MTVScream
starwarsspeculation,starwarsrebels
starwarsrebels,starwarsspeculation
AyyMD,CompetitiveHS
CompetitiveHS,AyyMD
WWEGames,ParagonLFG
ParagonLFG,WWEGames
ImagesOfJapan,imagesofthe1960s
imagesofthe1960s,ImagesOfJapan
EASportsUFC,NBAForums
NBAForums,EASportsUFC
EASportsUFC,WWEGames
WWEGames,EASportsUFC
stopdrinking,stopsmoking
stopsmoking,stopdrinking
FlashTV,HOTandTRENDING
HOTandTRENDING,FlashTV
MHOnline,FantasyLCS
FantasyLCS,MHOnline
RPGMaker,FantasyLCS
FantasyLCS,RPGMaker
EASportsUFC,NBASpurs
NBASpurs,EASportsUFC
PKGOAtlanta,iOSProgramming
iOSProgramming,PKGOAtlanta
gayporn,QuotesPorn
QuotesPorn,gayporn
OCPoetry,FantasyLCS
FantasyLCS,OCPoetry
arynews,newsg
newsg,arynews
OCLions,FantasyLCS
FantasyLCS,OCLions
SecNewsGR,GOtrades
GOtrades,SecNewsGR
beermoney,beertrade
beertrade,beermoney
ntvstyle,vikingstv
vikingstv,ntvstyle
PokemongoSeattle,SeattleWA
SeattleWA,PokemongoSeattle
WWEGames,TWDRoadToSurvival
TWDRoadToSurvival,WWEGames
MTVScream,FUTMobile
FUTMobile,MTVScream
GamerVideos,GamerPals
GamerPals,GamerVideos
FeMRADebates,HOTandTRENDING
HOTandTRENDING,FeMRADebates
pussy,pussypassdenied
pussypassdenied,pussy
DNCleaks,OutreachHPG
OutreachHPG,DNCleaks
uvtrade,csgotrade
csgotrade,uvtrade
NintendoNX,PokemonROMhacks
PokemonROMhacks,NintendoNX
comiccon,comicbookart
comicbookart,comiccon
NBAForums,NSFWFunny
NSFWFunny,NBAForums
AyyMD,FeMRADebates
FeMRADebates,AyyMD
iOSProgramming,OCLions
OCLions,iOSProgramming
FantasyLCS,Wicked_JohnRS
Wicked_JohnRS,FantasyLCS
nouvellesdumonde,de
de,nouvellesdumonde
howyoudoin,nevertellmetheodds
nevertellmetheodds,howyoudoin
rss_boingboing,ar15
ar15,rss_boingboing
LeagueConnect,RocketLeague
RocketLeague,LeagueConnect
ParagonLFG,MotoG
MotoG,ParagonLFG
AmateurCollegeGirls,CollegeBasketball
CollegeBasketball,AmateurCollegeGirls
CTTandcoTwitter,FantasyLCS
FantasyLCS,CTTandcoTwitter
fullmoviesonyoutube,youtubegaming
youtubegaming,fullmoviesonyoutube
rocksmith,stonerrock
stonerrock,rocksmith
uktrees,baduk
baduk,uktrees
linuxmasterrace,linuxmint
linuxmint,linuxmasterrace
gaybears,gaybros
gaybros,gaybears
FreeEuropeNews,GeinouNews
GeinouNews,FreeEuropeNews
MHOnline,EASportsUFC
EASportsUFC,MHOnline
PKGOAtlanta,FUTMobile
FUTMobile,PKGOAtlanta
DCcomics,Pathfinder_RPG
Pathfinder_RPG,DCcomics
PSNFriends,Wicked_JohnRS
Wicked_JohnRS,PSNFriends
SecNewsGR,OutreachHPG
OutreachHPG,SecNewsGR
ParagonLFG,SecNewsGR
SecNewsGR,ParagonLFG
SkyrimPorn,TankPorn
TankPorn,SkyrimPorn
CTTandcoTwitter,OverwatchLFT
OverwatchLFT,CTTandcoTwitter
RSDarkscape,FeMRADebates
FeMRADebates,RSDarkscape
FeMRADebates,UggyRS
UggyRS,FeMRADebates
OCLions,pokemongoNYC
pokemongoNYC,OCLions
anime_irl,hentai
hentai,anime_irl
FantasyLCS,GOtrades
GOtrades,FantasyLCS
CTTandcoTwitter,HOTandTRENDING
HOTandTRENDING,CTTandcoTwitter
NBAForums,DNCleaks
DNCleaks,NBAForums
EASportsUFC,OCPoetry
OCPoetry,EASportsUFC
PKGOAtlanta,RSDarkscape
PKGOAtlanta,UggyRS
RSDarkscape,PKGOAtlanta
UggyRS,PKGOAtlanta
guns,gunpolitics
gunpolitics,guns
OCLions,SiliconValleyHBO
SiliconValleyHBO,OCLions
ambientmusic,70smusic
70smusic,ambientmusic
DCcomics,TWDRoadToSurvival
TWDRoadToSurvival,DCcomics
russian,russia
russia,russian
boating,Fishing
Fishing,boating
aspergers,pics
pics,aspergers
TWDRoadToSurvival,Pathfinder_RPG
Pathfinder_RPG,TWDRoadToSurvival
WWEGames,OutreachHPG
OutreachHPG,WWEGames
IncestPorn,TankPorn
TankPorn,IncestPorn
HotVids,RedHotChiliPeppers
RedHotChiliPeppers,HotVids
stonerrock,postrock
postrock,stonerrock
AyyMD,OutreachHPG
OutreachHPG,AyyMD
pokemongoNYC,CompetitiveHS
CompetitiveHS,pokemongoNYC
niceguys,awesome
awesome,niceguys
Seahawks,Cleveland
Cleveland,Seahawks
RSDarkscape,OutreachHPG
OutreachHPG,RSDarkscape
OutreachHPG,UggyRS
UggyRS,OutreachHPG
randomactsofcsgo,csgotrade
csgotrade,randomactsofcsgo
pokemongoNYC,SiliconValleyHBO
SiliconValleyHBO,pokemongoNYC
AyyMD,Wicked_JohnRS
Wicked_JohnRS,AyyMD
russiawarinukraine,summonerswar
summonerswar,russiawarinukraine
shittyfoodporn,QuotesPorn
QuotesPorn,shittyfoodporn
MHOnline,WWEGames
WWEGames,MHOnline
AnimalCrossing,AnimalPorn
AnimalPorn,AnimalCrossing
Miami,tampa
tampa,Miami
puretppc,nsfwacct10
nsfwacct10,puretppc
news_etc,newsg
newsg,news_etc
MvC3,pokemongoNYC
pokemongoNYC,MvC3
ShitLiberalsSay,FuckYou
FuckYou,ShitLiberalsSay
NSFWFunny,OCPoetry
OCPoetry,NSFWFunny
RedditAndChill,TopMindsOfReddit
TopMindsOfReddit,RedditAndChill
JusticePorn,AnimalPorn
AnimalPorn,JusticePorn
RPGMaker,NSFWFunny
NSFWFunny,RPGMaker
EASportsUFC,UCSantaBarbara
UCSantaBarbara,EASportsUFC
70smusic,aspergers
aspergers,70smusic
TWDRoadToSurvival,OverwatchLFT
OverwatchLFT,TWDRoadToSurvival
DNCleaks,OverwatchLFT
OverwatchLFT,DNCleaks
progun,guns
guns,progun
MTVScream,OverwatchLFT
OverwatchLFT,MTVScream
ParagonLFG,NBA2k
NBA2k,ParagonLFG
TF2fashionadvice,NSFWFunny
NSFWFunny,TF2fashionadvice
WorldOfNintendo,NintendoNX
NintendoNX,WorldOfNintendo
WWEGames,CompetitiveHS
CompetitiveHS,WWEGames
AmISexy,WowUI
WowUI,AmISexy
csgoscammers,csgotrade
csgotrade,csgoscammers
TF2fashionadvice,FlashTV
FlashTV,TF2fashionadvice
Denver,Cleveland
Cleveland,Denver
news_etc,arynews
arynews,news_etc
PKGOAtlanta,OCLions
OCLions,PKGOAtlanta
snapchat_sluts,sexytimechat
sexytimechat,snapchat_sluts
yoyhammer,rickandmorty
rickandmorty,yoyhammer
RSDarkscape,iOSProgramming
iOSProgramming,RSDarkscape
iOSProgramming,UggyRS
UggyRS,iOSProgramming
ImagesOfJapan,ImagesOfTexas
ImagesOfTexas,ImagesOfJapan
HermitCraft,CraftBeer
CraftBeer,HermitCraft
WWEGames,AyyMD
AyyMD,WWEGames
Seahawks,vikingstv
vikingstv,Seahawks
OCPoetry,SiliconValleyHBO
SiliconValleyHBO,OCPoetry
TWDRoadToSurvival,FUTMobile
FUTMobile,TWDRoadToSurvival
croatia,Italia
Italia,croatia
inthenews,news_etc
news_etc,inthenews
datascience,EverythingScience
EverythingScience,datascience
philadelphia,Cleveland
Cleveland,philadelphia
Vue,nouvellesdumonde
nouvellesdumonde,Vue
DNCleaks,SiliconValleyHBO
SiliconValleyHBO,DNCleaks
FantasyLCS,SiliconValleyHBO
SiliconValleyHBO,FantasyLCS
letsplay,LetsPlayVideos
LetsPlayVideos,letsplay
SkyrimPorn,IncestPorn
IncestPorn,SkyrimPorn
CompetitiveHS,TWDRoadToSurvival
TWDRoadToSurvival,CompetitiveHS
yoyhammer,ockytop
ockytop,yoyhammer
ynab,disserwrite
disserwrite,ynab
AyyMD,Unity3D
Unity3D,AyyMD
MotoG,HOTandTRENDING
HOTandTRENDING,MotoG
IncestPorn,ShinyPorn
ShinyPorn,IncestPorn
chicagor4r,Denver
Denver,chicagor4r
ihavenolifeee,sissyhypno
sissyhypno,ihavenolifeee
OutreachHPG,OverwatchLFT
OverwatchLFT,OutreachHPG
NSFWFunny,GOtrades
GOtrades,NSFWFunny
GameShare,GameStop
GameStop,GameShare
FantasyLCS,GalaxyS6
GalaxyS6,FantasyLCS
altgonewild,gonewildcurvy
gonewildcurvy,altgonewild
MTVScream,TWDRoadToSurvival
TWDRoadToSurvival,MTVScream
AyyMD,SiliconValleyHBO
SiliconValleyHBO,AyyMD
nevertellmetheodds,2meirl4meirl
2meirl4meirl,nevertellmetheodds
ambientmusic,fuckmusic
fuckmusic,ambientmusic
Detroit,Michigan
Michigan,Detroit
LeagueConnect,RocketLeagueFriends
RocketLeagueFriends,LeagueConnect
ShinyPorn,AnimalPorn
AnimalPorn,ShinyPorn
GameStop,PictureGame
PictureGame,GameStop
chicagor4r,rss_boingboing
rss_boingboing,chicagor4r
MHOnline,NSFWFunny
NSFWFunny,MHOnline
iOSProgramming,WWEGames
WWEGames,iOSProgramming
altgonewild,gonewildchubby
gonewildchubby,altgonewild
gaybears,gayporn
gayporn,gaybears
greece,europe
europe,greece
ImagesOfIndia,ImagesOfTexas
ImagesOfTexas,ImagesOfIndia
inthenews,UpliftingNews
UpliftingNews,inthenews
GameTrade,GameStop
GameStop,GameTrade
pokemongoNYC,GOtrades
GOtrades,pokemongoNYC
FantasyLCS,SecNewsGR
SecNewsGR,FantasyLCS
programmingcirclejerk,rpdrcirclejerk
rpdrcirclejerk,programmingcirclejerk
CTTandcoTwitter,NSFWFunny
NSFWFunny,CTTandcoTwitter
ImagesOfWyoming,ImagesOfJapan
ImagesOfJapan,ImagesOfWyoming
deadpool,thewalkingdead
thewalkingdead,deadpool
PKGOAtlanta,OCPoetry
OCPoetry,PKGOAtlanta
EASportsUFC,OCLions
OCLions,EASportsUFC
nouvellesdumonde,rickandmorty
rickandmorty,nouvellesdumonde
rss_boingboing,nsfwacct10
nsfwacct10,rss_boingboing
PSNFriends,TWDRoadToSurvival
TWDRoadToSurvival,PSNFriends
CompetitiveHS,Wicked_JohnRS
Wicked_JohnRS,CompetitiveHS
FantasyLCS,NBASpurs
NBASpurs,FantasyLCS
Seahawks,Denver
Denver,Seahawks
SiliconValleyHBO,NBA2k
NBA2k,SiliconValleyHBO
battlecats,CatsStandingUp
CatsStandingUp,battlecats
OutreachHPG,MotoG
MotoG,OutreachHPG
PrimeiraLiga,3liga
3liga,PrimeiraLiga
chicagor4r,milwaukee
milwaukee,chicagor4r
fuckmusic,FuckYou
FuckYou,fuckmusic
Drugs,cocaine
cocaine,Drugs
ihavenolifeee,arduino
arduino,ihavenolifeee
TWDRoadToSurvival,Wicked_JohnRS
Wicked_JohnRS,TWDRoadToSurvival
NBAForums,FeMRADebates
FeMRADebates,NBAForums
DarkEnlightenment,DarkSoulsHelp
DarkSoulsHelp,DarkEnlightenment
PSNFriends,OverwatchLFT
OverwatchLFT,PSNFriends
RPGMaker,PokemonROMhacks
PokemonROMhacks,RPGMaker
phillies,Astros
Astros,phillies
MvC3,FantasyLCS
FantasyLCS,MvC3
woahdude,arduino
arduino,woahdude
PKGOAtlanta,SecNewsGR
SecNewsGR,PKGOAtlanta
GameShare,EvolveGame
EvolveGame,GameShare
NintendoNX,HOTandTRENDING
HOTandTRENDING,NintendoNX
puretppc,duelyst
duelyst,puretppc
MTVScream,CompetitiveHS
CompetitiveHS,MTVScream
EASportsUFC,MotoUK
MotoUK,EASportsUFC
Albuquerque,Omaha
Omaha,Albuquerque
PSNFriends,NBASpurs
NBASpurs,PSNFriends
EASportsUFC,CTTandcoTwitter
CTTandcoTwitter,EASportsUFC
esports,ethereum
ethereum,esports
bicycletouring,bicycling
bicycling,bicycletouring
NBAForums,NBA2k
NBA2k,NBAForums
ParagonLFG,CompetitiveHS
CompetitiveHS,ParagonLFG
PokemonROMhacks,Pathfinder_RPG
Pathfinder_RPG,PokemonROMhacks
WWEGames,DNCleaks
DNCleaks,WWEGames
RSDarkscape,WWEGames
WWEGames,RSDarkscape
WWEGames,UggyRS
UggyRS,WWEGames
omegle,osx
osx,omegle
chicagor4r,philadelphia
philadelphia,chicagor4r
NBAForums,FantasyLCS
FantasyLCS,NBAForums
ImagesOfWyoming,ImagesOfIndia
ImagesOfIndia,ImagesOfWyoming
digital_marketing,advertising
advertising,digital_marketing
PSNFriends,GOtrades
GOtrades,PSNFriends
rss_boingboing,faeria
faeria,rss_boingboing
truetf2,ynab
ynab,truetf2
FUTMobile,UCSantaBarbara
UCSantaBarbara,FUTMobile
FlashTV,OverwatchLFT
OverwatchLFT,FlashTV
TWDRoadToSurvival,OutreachHPG
OutreachHPG,TWDRoadToSurvival
NSFWFunny,SiliconValleyHBO
SiliconValleyHBO,NSFWFunny
RSDarkscape,PokemonROMhacks
PokemonROMhacks,RSDarkscape
PokemonROMhacks,UggyRS
UggyRS,PokemonROMhacks
Miami,Cleveland
Cleveland,Miami
The100,inthenews
inthenews,The100
PSNFriends,NBAForums
NBAForums,PSNFriends
showerbeer,beertrade
beertrade,showerbeer
esportsnews,news_etc
news_etc,esportsnews
howyoudoin,DoesAnybodyElse
DoesAnybodyElse,howyoudoin
iOSProgramming,SiliconValleyHBO
SiliconValleyHBO,iOSProgramming
howyoudoin,ICanDrawThat
ICanDrawThat,howyoudoin
ParagonLFG,TWDRoadToSurvival
TWDRoadToSurvival,ParagonLFG
70smusic,fuckmusic
fuckmusic,70smusic
RSDarkscape,MTVScream
MTVScream,RSDarkscape
MTVScream,UggyRS
UggyRS,MTVScream
EASportsUFC,iOSProgramming
iOSProgramming,EASportsUFC
CityFans,EarthFans
EarthFans,CityFans
DNCleaks,FeMRADebates
FeMRADebates,DNCleaks
EASportsUFC,NBA2k
NBA2k,EASportsUFC
SkyrimPorn,JusticePorn
JusticePorn,SkyrimPorn
PSNFriends,WWEGames
WWEGames,PSNFriends
PKGOAtlanta,PokemonROMhacks
PokemonROMhacks,PKGOAtlanta
PKGOAtlanta,SiliconValleyHBO
SiliconValleyHBO,PKGOAtlanta
PokemonROMhacks,AyyMD
AyyMD,PokemonROMhacks
CompetitiveHS,Pathfinder_RPG
Pathfinder_RPG,CompetitiveHS
Bestbuy,ipad
ipad,Bestbuy
Denver,tampa
tampa,Denver
ShitAmericansSay,obama
obama,ShitAmericansSay
iOSProgramming,MTVScream
MTVScream,iOSProgramming
GamingStunts,youtubegaming
youtubegaming,GamingStunts
AskElectronics,AskAcademia
AskAcademia,AskElectronics
OCLions,NSFWFunny
NSFWFunny,OCLions
LeagueOfMemes,dankmemes
dankmemes,LeagueOfMemes
rss_boingboing,arduino
arduino,rss_boingboing
nsfw_gifs,aspergers
gifs,aspergers
aspergers,nsfw_gifs
aspergers,gifs
NSFWFunny,FlashTV
FlashTV,NSFWFunny
chicagor4r,Omaha
Omaha,chicagor4r
generals,Military
Military,generals
Military,HeroesandGenerals
HeroesandGenerals,Military
CompetitiveHS,OverwatchLFT
OverwatchLFT,CompetitiveHS
pokemongoNYC,SecNewsGR
SecNewsGR,pokemongoNYC
Miami,Denver
Denver,Miami
SiliconValleyHBO,TWDRoadToSurvival
TWDRoadToSurvival,SiliconValleyHBO
AyyMD,NBA2k
NBA2k,AyyMD
RPGMaker,OverwatchLFT
OverwatchLFT,RPGMaker
uAlberta,Calgary
Calgary,uAlberta
MTVScream,pokemongoNYC
pokemongoNYC,MTVScream
guitars,drums
drums,guitars
DNCleaks,CompetitiveHS
CompetitiveHS,DNCleaks
wownoob,WowUI
WowUI,wownoob
ecommerce,ethereum
ethereum,ecommerce
omegle,nouvellesdumonde
nouvellesdumonde,omegle
SubredditSimMeta,TuberSim
TuberSim,SubredditSimMeta
gay,actuallesbians
actuallesbians,gay
PKGOAtlanta,MTVScream
MTVScream,PKGOAtlanta
RSDarkscape,NBA2k
NBA2k,RSDarkscape
NBA2k,UggyRS
UggyRS,NBA2k
GalaxyS6,CompetitiveHS
CompetitiveHS,GalaxyS6
imagesofthe1960s,ImagesOfTexas
ImagesOfTexas,imagesofthe1960s
DCcomics,RPGMaker
RPGMaker,DCcomics
iOSProgramming,AyyMD
AyyMD,iOSProgramming
trapmuzik,dirtykikpals
dirtykikpals,trapmuzik
ambientmusic,Jazz
Jazz,ambientmusic
MTVScream,ParagonLFG
ParagonLFG,MTVScream
greece,Norway
Norway,greece
guns,knives
knives,guns
FreeAtheism,FREE
FREE,FreeAtheism
NSFWFunny,SecNewsGR
SecNewsGR,NSFWFunny
GalaxyS6,GalaxyNote7
GalaxyNote7,GalaxyS6
PKGOAtlanta,NBA2k
NBA2k,PKGOAtlanta
AllThingsTerran,allthingszerg
allthingszerg,AllThingsTerran
RSDarkscape,DJs
DJs,RSDarkscape
DJs,UggyRS
UggyRS,DJs
chicagor4r,Miami
Miami,chicagor4r
phillies,Cleveland
Cleveland,phillies
pussy,Titties
Titties,pussy
audioengineering,vintageaudio
vintageaudio,audioengineering
WWEGames,SiliconValleyHBO
SiliconValleyHBO,WWEGames
PSNFriends,MTVScream
MTVScream,PSNFriends
NSFWFunny,GalaxyS6
GalaxyS6,NSFWFunny
Wicked_JohnRS,KenM
KenM,Wicked_JohnRS
iOSProgramming,OverwatchLFT
OverwatchLFT,iOSProgramming
PSNFriends,MHOnline
MHOnline,PSNFriends
alle15minuten,omegle
omegle,alle15minuten
CompetitiveHS,SiliconValleyHBO
SiliconValleyHBO,CompetitiveHS
rss_boingboing,kiezkicker
kiezkicker,rss_boingboing
ImagesOfThe1920s,ImagesOfIndia
ImagesOfThe1950s,ImagesOfIndia
ImagesOfIndia,ImagesOfThe1920s
ImagesOfIndia,ImagesOfThe1950s
ImagesOfIndia,ImagesOfThe1930s
ImagesOfThe1930s,ImagesOfIndia
puppy101,Pets
Pets,puppy101
rss_boingboing,omegle
omegle,rss_boingboing
pokemongoNYC,Wicked_JohnRS
Wicked_JohnRS,pokemongoNYC
imagesofthe1960s,pics
pics,imagesofthe1960s
XFiles,osx
osx,XFiles
PKGOAtlanta,CompetitiveHS
CompetitiveHS,PKGOAtlanta
GoldandBlack,BlackLivesMatter
BlackLivesMatter,GoldandBlack
PokemonROMhacks,ShinyPokemon
ShinyPokemon,PokemonROMhacks
SeattleWA,NBASpurs
NBASpurs,SeattleWA
iOSProgramming,DNCleaks
DNCleaks,iOSProgramming
rss_boingboing,ockytop
ockytop,rss_boingboing
ImagesOfNewZealand,ImagesOfIndia
ImagesOfIndia,ImagesOfNewZealand
MHOnline,ParagonLFG
ParagonLFG,MHOnline
europe,london
london,europe
pokemongoNYC,UCSantaBarbara
UCSantaBarbara,pokemongoNYC
CTTandcoTwitter,pokemongoNYC
pokemongoNYC,CTTandcoTwitter
SecNewsGR,FeMRADebates
FeMRADebates,SecNewsGR
RPGMaker,MotoG
MotoG,RPGMaker
WWEGames,MTVScream
MTVScream,WWEGames
WWEGames,FUTMobile
FUTMobile,WWEGames
NintendoNX,pokemongoNYC
pokemongoNYC,NintendoNX
EASportsUFC,AyyMD
AyyMD,EASportsUFC
NBASpurs,FeMRADebates
FeMRADebates,NBASpurs
truetf2,sissyhypno
sissyhypno,truetf2
NarutoNinjaStorm,ShinyPokemon
ShinyPokemon,NarutoNinjaStorm
ynab,rickandmorty
rickandmorty,ynab
DNCleaks,GOtrades
GOtrades,DNCleaks
AyyMD,NBASpurs
NBASpurs,AyyMD
csgoscammers,randomactsofcsgo
randomactsofcsgo,csgoscammers
asshole,FuckYou
FuckYou,asshole
PKGOAtlanta,TWDRoadToSurvival
TWDRoadToSurvival,PKGOAtlanta
ImagesOfThe1920s,ImagesOfJapan
ImagesOfJapan,ImagesOfThe1920s
ImagesOfJapan,ImagesOfThe1950s
ImagesOfJapan,ImagesOfThe1930s
ImagesOfThe1950s,ImagesOfJapan
ImagesOfThe1930s,ImagesOfJapan
rss_boingboing,ynab
ynab,rss_boingboing
SecNewsGR,Wicked_JohnRS
Wicked_JohnRS,SecNewsGR
DNCleaks,FUTMobile
FUTMobile,DNCleaks
chicagor4r,tampa
tampa,chicagor4r
PokemonROMhacks,DNCleaks
DNCleaks,PokemonROMhacks
SecNewsGR,TWDRoadToSurvival
TWDRoadToSurvival,SecNewsGR
TF2fashionadvice,RSDarkscape
TF2fashionadvice,UggyRS
RSDarkscape,TF2fashionadvice
UggyRS,TF2fashionadvice
XboxOneGamers,playstation
playstation,XboxOneGamers
AyyMD,GOtrades
GOtrades,AyyMD
NSFWFunny,NintendoNX
NintendoNX,NSFWFunny
FantasyLCS,UCSantaBarbara
UCSantaBarbara,FantasyLCS
inthenews,infj
infj,inthenews
emacs,Lenovo
Lenovo,emacs
EvolveGame,PictureGame
PictureGame,EvolveGame
esportsnews,inthenews
inthenews,esportsnews
woahdude,rpdrcirclejerk
rpdrcirclejerk,woahdude
DCcomics,SecNewsGR
SecNewsGR,DCcomics
PSNFriends,FUTMobile
FUTMobile,PSNFriends
csgoscammers,csgomarketforum
csgomarketforum,csgoscammers
ShitAmericansSay,FuckYou
FuckYou,ShitAmericansSay
bmx,skateboarding
skateboarding,bmx
StockMarket,pennystocks
pennystocks,StockMarket
Pathfinder_RPG,MotoG
MotoG,Pathfinder_RPG
SkyrimPorn,AnimalPorn
AnimalPorn,SkyrimPorn
philadelphia,Denver
Denver,philadelphia
MHOnline,KenM
KenM,MHOnline
howyoudoin,HistoryWhatIf
HistoryWhatIf,howyoudoin
industrialmusic,70smusic
70smusic,industrialmusic
rss_boingboing,rpdrcirclejerk
rpdrcirclejerk,rss_boingboing
MTVScream,DNCleaks
DNCleaks,MTVScream
rocksmith,postrock
postrock,rocksmith
PKGOAtlanta,MotoUK
MotoUK,PKGOAtlanta
ShitAmericansSay,indianpeoplefacebook
indianpeoplefacebook,ShitAmericansSay
htc,ipad
ipad,htc
MHOnline,SiliconValleyHBO
SiliconValleyHBO,MHOnline
youtubehaiku,youtubegaming
youtubegaming,youtubehaiku
TF2fashionadvice,FantasyLCS
FantasyLCS,TF2fashionadvice
ihavenolifeee,ICanDrawThat
ICanDrawThat,ihavenolifeee
iOSProgramming,OutreachHPG
OutreachHPG,iOSProgramming
NBASpurs,SiliconValleyHBO
SiliconValleyHBO,NBASpurs
chicagor4r,swingersr4r
swingersr4r,chicagor4r
ShitAmericansSay,woahdude
woahdude,ShitAmericansSay
golf,tennis
tennis,golf
SiliconValleyHBO,OutreachHPG
OutreachHPG,SiliconValleyHBO
FlashTV,FantasyLCS
FantasyLCS,FlashTV
OCLions,WWEGames
WWEGames,OCLions
omegle,ockytop
ockytop,omegle
CampHalfBloodRP,Pathfinder_RPG
Pathfinder_RPG,CampHalfBloodRP
unixporn,linuxmint
linuxmint,unixporn
sissyhypno,rpdrcirclejerk
rpdrcirclejerk,sissyhypno
ambientmusic,mymusic
mymusic,ambientmusic
europe,russia
russia,europe
sissyhypno,ockytop
ockytop,sissyhypno
MHOnline,pokemongoNYC
pokemongoNYC,MHOnline
playstation,Gameboy
Gameboy,playstation
RSDarkscape,GalaxyS6
GalaxyS6,RSDarkscape
GalaxyS6,UggyRS
UggyRS,GalaxyS6
gifsbabes,pics
pics,gifsbabes
top_dogs,CatsStandingUp
CatsStandingUp,top_dogs
ar15,omegle
omegle,ar15
chicagor4r,lgg5
chicagor4r,lgg4
lgg5,chicagor4r
lgg4,chicagor4r
lgg5,ynab
ynab,lgg5
ynab,lgg4
lgg4,ynab
woahdude,omegle
omegle,woahdude
MTVScream,SiliconValleyHBO
SiliconValleyHBO,MTVScream
progun,Firearms
Firearms,progun
RPGMaker,CampHalfBloodRP
CampHalfBloodRP,RPGMaker
WWEGames,OverwatchLFT
OverwatchLFT,WWEGames
WWEGames,NBA2k
NBA2k,WWEGames
nsfwcosplay,ToManga
nsfwcosplay,manga
ToManga,nsfwcosplay
manga,nsfwcosplay
predaddit,sissyhypno
sissyhypno,predaddit
AmericanHorrorStory,TwoSentenceHorror
TwoSentenceHorror,AmericanHorrorStory
milwaukee,Omaha
Omaha,milwaukee
iOSProgramming,PokemonROMhacks
PokemonROMhacks,iOSProgramming
NBA2k,OverwatchLFT
OverwatchLFT,NBA2k
chicagor4r,Norway
Norway,chicagor4r
iOSProgramming,FUTMobile
FUTMobile,iOSProgramming
croatia,greece
greece,croatia
MHOnline,RSDarkscape
MHOnline,UggyRS
RSDarkscape,MHOnline
UggyRS,MHOnline
woahdude,rickandmorty
rickandmorty,woahdude
PKGOAtlanta,MotoG
MotoG,PKGOAtlanta
PSNFriends,PMsFeedback
PMsFeedback,PSNFriends
WWEGames,Pathfinder_RPG
Pathfinder_RPG,WWEGames
PokemonGoUK,ShinyPokemon
ShinyPokemon,PokemonGoUK
everymanshouldknow,howyoudoin
howyoudoin,everymanshouldknow
truetf2,fpvracing
fpvracing,truetf2
GuessTheMovie,TrueFilm
TrueFilm,GuessTheMovie
sissyhypno,rickandmorty
rickandmorty,sissyhypno
ihavenolifeee,todayilearned
todayilearned,ihavenolifeee
croatia,Norway
Norway,croatia
EASportsUFC,MTVScream
MTVScream,EASportsUFC
puppy101,catvideos
catvideos,puppy101
croatia,europe
europe,croatia
kiezkicker,rickandmorty
rickandmorty,kiezkicker
MTVScream,OutreachHPG
OutreachHPG,MTVScream
DankNation,ShinedownsNation
ShinedownsNation,DankNation
PSNFriends,SiliconValleyHBO
SiliconValleyHBO,PSNFriends
MotoUK,HOTandTRENDING
HOTandTRENDING,MotoUK
rss_boingboing,truetf2
truetf2,rss_boingboing
Gameboy,cyanogenmod
cyanogenmod,Gameboy
PKGOAtlanta,EASportsUFC
EASportsUFC,PKGOAtlanta
florida,Albuquerque
Albuquerque,florida
shittyfoodporn,fuckmusic
fuckmusic,shittyfoodporn
ParagonLFG,SiliconValleyHBO
SiliconValleyHBO,ParagonLFG
lgg5,misc
misc,lgg5
misc,lgg4
lgg4,misc
MTVScream,Pathfinder_RPG
Pathfinder_RPG,MTVScream
spotify,ockytop
ockytop,spotify
ShitLiberalsSay,fuckmusic
fuckmusic,ShitLiberalsSay
top_dogs,Pets
Pets,top_dogs
2meirl4meirl,WowUI
WowUI,2meirl4meirl
gayporn,unixporn
unixporn,gayporn
iOSProgramming,CompetitiveHS
CompetitiveHS,iOSProgramming
sissyhypno,arduino
arduino,sissyhypno
2meirl4meirl,FuckYou
FuckYou,2meirl4meirl
sexytimechat,sexygirls
sexygirls,sexytimechat
JusticePorn,SocialJusticeInAction
SocialJusticeInAction,JusticePorn
emacs,linuxmint
linuxmint,emacs
linuxmasterrace,ultrawidemasterrace
ultrawidemasterrace,linuxmasterrace
rss_boingboing,avfc
avfc,rss_boingboing
TF2fashionadvice,pokemongoNYC
pokemongoNYC,TF2fashionadvice
GOtrades,OverwatchLFT
OverwatchLFT,GOtrades
radiohead,fark
fark,radiohead
iosgaming,GamingStunts
GamingStunts,iosgaming
ParagonLFG,Wicked_JohnRS
Wicked_JohnRS,ParagonLFG
ShinyPokemon,ShinyPorn
ShinyPorn,ShinyPokemon
nsfw_gifs,pics
gifs,pics
pics,nsfw_gifs
pics,gifs
stobuilds,aspergers
aspergers,stobuilds
datascience,askscience
askscience,datascience
CompetitiveHS,FUTMobile
FUTMobile,CompetitiveHS
NBASpurs,TWDRoadToSurvival
TWDRoadToSurvival,NBASpurs
EASportsUFC,CompetitiveHS
CompetitiveHS,EASportsUFC
omegle,ynab
ynab,omegle
FlashTV,TWDRoadToSurvival
TWDRoadToSurvival,FlashTV
Seahawks,Astros
Astros,Seahawks
kronos2wow,awesome
awesome,kronos2wow
slideforreddit,redditrequest
redditrequest,slideforreddit
Sneakers,sneakermarket
sneakermarket,Sneakers
Denver,Omaha
Omaha,Denver
Unity3D,HOTandTRENDING
HOTandTRENDING,Unity3D
RSDarkscape,FUTMobile
FUTMobile,RSDarkscape
FUTMobile,UggyRS
UggyRS,FUTMobile
ecommerce,esportsnews
esportsnews,ecommerce
ConservativesOnly,ShitLiberalsSay
ShitLiberalsSay,ConservativesOnly
AyyMD,FUTMobile
FUTMobile,AyyMD
imagesofthe1960s,aspergers
aspergers,imagesofthe1960s
MHOnline,FUTMobile
FUTMobile,MHOnline
woahdude,sissyhypno
sissyhypno,woahdude
todayilearned,WowUI
WowUI,todayilearned
chicagor4r,rickandmorty
rickandmorty,chicagor4r
CTTandcoTwitter,ParagonLFG
ParagonLFG,CTTandcoTwitter
chicagor4r,nsfwacct10
nsfwacct10,chicagor4r
EASportsUFC,DNCleaks
DNCleaks,EASportsUFC
TWDRoadToSurvival,NBA2k
NBA2k,TWDRoadToSurvival
fpv,lgg5
fpv,lgg4
lgg5,fpv
lgg4,fpv
florida,Cleveland
Cleveland,florida
OutreachHPG,FUTMobile
FUTMobile,OutreachHPG
todayilearned,ICanDrawThat
ICanDrawThat,todayilearned
Denver,Albuquerque
Albuquerque,Denver
lgg5,newsg
newsg,lgg5
newsg,lgg4
lgg4,newsg
whitepeoplegifs,imagesofthe1960s
imagesofthe1960s,whitepeoplegifs
OCLions,NBASpurs
NBASpurs,OCLions
greece,indonesia
indonesia,greece
croatia,indonesia
indonesia,croatia
unixporn,shittyfoodporn
shittyfoodporn,unixporn
NintendoNX,DNCleaks
DNCleaks,NintendoNX
ImagesOfNewZealand,ImagesOfJapan
ImagesOfJapan,ImagesOfNewZealand
PSNFriends,OCPoetry
OCPoetry,PSNFriends
florida,Omaha
Omaha,florida
Internet,Internet_Box
Internet_Box,Internet
Firearms,gunpolitics
gunpolitics,Firearms
FloridaMan,manandwoman
manandwoman,FloridaMan
NBAForums,OutreachHPG
OutreachHPG,NBAForums
GameTrade,GameShare
GameShare,GameTrade
swimmingnews,inthenews
inthenews,swimmingnews
WWEGames,SeattleWA
SeattleWA,WWEGames
PSNFriends,SecNewsGR
SecNewsGR,PSNFriends
ihavenolifeee,truetf2
truetf2,ihavenolifeee
woahdude,WowUI
WowUI,woahdude
philadelphia,Miami
Miami,philadelphia
cosplaygirls,anime_irl
anime_irl,cosplaygirls
youtubehaiku,fullmoviesonyoutube
fullmoviesonyoutube,youtubehaiku
Seahawks,chicagor4r
chicagor4r,Seahawks
howyoudoin,FuckYou
FuckYou,howyoudoin
LV426,lgg5
LV426,lgg4
lgg5,LV426
lgg4,LV426
inthenews,newsg
newsg,inthenews
CTTandcoTwitter,MTVScream
MTVScream,CTTandcoTwitter
russiawarinukraine,russian
russian,russiawarinukraine
chicagor4r,rpdrcirclejerk
rpdrcirclejerk,chicagor4r
NBASpurs,FUTMobile
FUTMobile,NBASpurs
MHOnline,FeMRADebates
FeMRADebates,MHOnline
RPGMaker,NBA2k
NBA2k,RPGMaker
battlecats,Pets
Pets,battlecats
EASportsUFC,SiliconValleyHBO
SiliconValleyHBO,EASportsUFC
pokemongoNYC,C_Programming
C_Programming,pokemongoNYC
PKGOAtlanta,NBASpurs
NBASpurs,PKGOAtlanta
truetf2,youtubetitties
youtubetitties,truetf2
Pathfinder_RPG,NBA2k
NBA2k,Pathfinder_RPG
faeria,rickandmorty
rickandmorty,faeria
PSNFriends,EASportsUFC
EASportsUFC,PSNFriends
summonerswar,starwarsrebels
starwarsrebels,summonerswar
RSDarkscape,GOtrades
GOtrades,RSDarkscape
GOtrades,UggyRS
UggyRS,GOtrades
PKGOAtlanta,SeattleWA
SeattleWA,PKGOAtlanta
DJs,FantasyLCS
FantasyLCS,DJs
lgg5,rickandmorty
lgg4,rickandmorty
rickandmorty,lgg5
rickandmorty,lgg4
Pathfinder_RPG,FUTMobile
FUTMobile,Pathfinder_RPG
Cleveland,Ohio
Ohio,Cleveland
PokemonGoUK,FUTMobile
FUTMobile,PokemonGoUK
WWEGames,SecNewsGR
SecNewsGR,WWEGames
Portland,Denver
Denver,Portland
RSDarkscape,SiliconValleyHBO
SiliconValleyHBO,RSDarkscape
SiliconValleyHBO,UggyRS
UggyRS,SiliconValleyHBO
MHOnline,NBAForums
NBAForums,MHOnline
ockytop,ynab
ynab,ockytop
iOSProgramming,FlashTV
FlashTV,iOSProgramming
chicagor4r,LV426
LV426,chicagor4r
OCLions,AyyMD
AyyMD,OCLions
ledootgeneration,rickandmorty
rickandmorty,ledootgeneration
chicagor4r,Calgary
Calgary,chicagor4r
osx,rickandmorty
rickandmorty,osx
wownoob,fark
fark,wownoob
PokemonGoUK,PKGOAtlanta
PKGOAtlanta,PokemonGoUK
europe,Norway
Norway,europe
tampa,Cleveland
Cleveland,tampa
news_etc,UpliftingNews
UpliftingNews,news_etc
MotoUK,WowUI
WowUI,MotoUK
freshalbumart,comicbookart
comicbookart,freshalbumart
fullmoviesonyoutube,youtubetitties
youtubetitties,fullmoviesonyoutube
FUTMobile,NBA2k
NBA2k,FUTMobile
PokemonROMhacks,SiliconValleyHBO
SiliconValleyHBO,PokemonROMhacks
iOSProgramming,ParagonLFG
ParagonLFG,iOSProgramming
CTTandcoTwitter,FlashTV
FlashTV,CTTandcoTwitter
mymusic,2meirl4meirl
2meirl4meirl,mymusic
RPGMaker,TWDRoadToSurvival
TWDRoadToSurvival,RPGMaker
FeMRADebates,Pathfinder_RPG
Pathfinder_RPG,FeMRADebates
Pets,CatsStandingUp
CatsStandingUp,Pets
woahdude,AmISexy
AmISexy,woahdude
rickandmorty,rpdrcirclejerk
rpdrcirclejerk,rickandmorty
dubai,london
london,dubai
tinydick,hentiny
hentiny,tinydick
PokemonGoUK,NintendoNX
NintendoNX,PokemonGoUK
ihavenolifeee,ethereum
ethereum,ihavenolifeee
avfc,ynab
ynab,avfc
DJs,ParagonLFG
ParagonLFG,DJs
NBAForums,WWEGames
WWEGames,NBAForums
howyoudoin,doppelbangher
doppelbangher,howyoudoin
OCLions,ParagonLFG
ParagonLFG,OCLions
PSNFriends,KenM
KenM,PSNFriends
woahdude,fark
fark,woahdude
NSFWFunny,MotoUK
MotoUK,NSFWFunny
iOSProgramming,Pathfinder_RPG
Pathfinder_RPG,iOSProgramming
LetsPlayVideos,ArtisanVideos
ArtisanVideos,LetsPlayVideos
ParagonLFG,NBASpurs
NBASpurs,ParagonLFG
MMORPG,XboxOneGamers
XboxOneGamers,MMORPG
reactiongifs,aspergers
aspergers,reactiongifs
Albuquerque,Ohio
Ohio,Albuquerque
nsfw_gifs,imagesofthe1960s
gifs,imagesofthe1960s
imagesofthe1960s,nsfw_gifs
imagesofthe1960s,gifs
MvC3,HOTandTRENDING
HOTandTRENDING,MvC3
rss_boingboing,sissyhypno
sissyhypno,rss_boingboing
TF2fashionadvice,CompetitiveHS
CompetitiveHS,TF2fashionadvice
indonesia,Nepal
Nepal,indonesia
TF2fashionadvice,PKGOAtlanta
PKGOAtlanta,TF2fashionadvice
avfc,osx
osx,avfc
florida,tampa
tampa,florida
Miami,Albuquerque
Albuquerque,Miami
omegle,lgg5
omegle,lgg4
lgg5,omegle
lgg4,omegle
MHOnline,Pathfinder_RPG
Pathfinder_RPG,MHOnline
NBAForums,SiliconValleyHBO
SiliconValleyHBO,NBAForums
WWEGames,OCPoetry
OCPoetry,WWEGames
croatia,argentina
argentina,croatia
florida,Denver
Denver,florida
ar15,ynab
ynab,ar15
ParagonLFG,OCPoetry
OCPoetry,ParagonLFG
Seahawks,Miami
Miami,Seahawks
MHOnline,iOSProgramming
iOSProgramming,MHOnline
EASportsUFC,OutreachHPG
OutreachHPG,EASportsUFC
DJs,SiliconValleyHBO
SiliconValleyHBO,DJs
DCcomics,Wicked_JohnRS
Wicked_JohnRS,DCcomics
lgg5,osx
osx,lgg5
osx,lgg4
lgg4,osx
gay,lgbt
lgbt,gay
damngoodinterracial,niceguys
niceguys,damngoodinterracial
OCLions,MTVScream
MTVScream,OCLions
swimmingnews,esportsnews
esportsnews,swimmingnews
Nepal,bangladesh
bangladesh,Nepal
NarutoNinjaStorm,anime_irl
anime_irl,NarutoNinjaStorm
randomactsofcsgo,csgomarketforum
csgomarketforum,randomactsofcsgo
DJs,TWDRoadToSurvival
TWDRoadToSurvival,DJs
MTVScream,NBASpurs
NBASpurs,MTVScream
Weird,awesome
awesome,Weird
Denver,Ohio
Ohio,Denver
sissyhypno,ynab
ynab,sissyhypno
SexyTummies,sexygirls
sexygirls,SexyTummies
singing,balisong
balisong,singing
FlashTV,SiliconValleyHBO
SiliconValleyHBO,FlashTV
woahdude,gifsbabes
gifsbabes,woahdude
faeria,ar15
ar15,faeria
EASportsUFC,FeMRADebates
FeMRADebates,EASportsUFC
NoSillySuffix,ShingekiNoKyojin
ShingekiNoKyojin,NoSillySuffix
PKGOAtlanta,Wicked_JohnRS
Wicked_JohnRS,PKGOAtlanta
RPGMaker,CompetitiveHS
CompetitiveHS,RPGMaker
hoggit,newsg
newsg,hoggit
MHOnline,SecNewsGR
SecNewsGR,MHOnline
gayporn,IncestPorn
IncestPorn,gayporn
CTTandcoTwitter,TWDRoadToSurvival
TWDRoadToSurvival,CTTandcoTwitter
nsfwacct10,ynab
ynab,nsfwacct10
pussy,tinydick
tinydick,pussy
ToManga,hentai
hentai,ToManga
hentai,manga
manga,hentai
rss_boingboing,lgg5
rss_boingboing,lgg4
lgg5,rss_boingboing
lgg4,rss_boingboing
RPGMaker,DJs
DJs,RPGMaker
reactiongifs,imagesofthe1960s
imagesofthe1960s,reactiongifs
kronos2wow,WowUI
WowUI,kronos2wow
indonesia,Norway
Norway,indonesia
rss_boingboing,fpv
fpv,rss_boingboing
europe,German
German,europe
gaybears,actuallesbians
actuallesbians,gaybears
RPGMaker,FeMRADebates
FeMRADebates,RPGMaker
GoldandBlack,BlackPeopleTwitter
BlackPeopleTwitter,GoldandBlack
HxHBattleAllStars,SiliconValleyHBO
SiliconValleyHBO,HxHBattleAllStars
europe,europeannationalism
europeannationalism,europe
RSDarkscape,EASportsUFC
EASportsUFC,RSDarkscape
EASportsUFC,UggyRS
UggyRS,EASportsUFC
chicagor4r,Albuquerque
Albuquerque,chicagor4r
EvolveGame,FreeGameFindings
FreeGameFindings,EvolveGame
FlashTV,DNCleaks
DNCleaks,FlashTV
ParagonLFG,UCSantaBarbara
UCSantaBarbara,ParagonLFG
HOTandTRENDING,UCSantaBarbara
UCSantaBarbara,HOTandTRENDING
philadelphia,tampa
tampa,philadelphia
doppelbangher,doyoucope
doyoucope,doppelbangher
NewOrleans,ImagesOfNewYork
ImagesOfNewYork,NewOrleans
BBW,hentai
hentai,BBW
LeagueOfMemes,meme
meme,LeagueOfMemes
tinydick,Titties
Titties,tinydick
lgg5,ockytop
ockytop,lgg5
ockytop,lgg4
lgg4,ockytop
GameStop,FreeGameFindings
FreeGameFindings,GameStop
juicyasians,AsianHotties
AsianHotties,juicyasians
FlashTV,ParagonLFG
ParagonLFG,FlashTV
DnD,DNCleaks
DNCleaks,DnD
rss_boingboing,ihavenolifeee
ihavenolifeee,rss_boingboing
cosplaygirls,fitgirls
fitgirls,cosplaygirls
wownoob,woahdude
woahdude,wownoob
PSNFriends,GalaxyS6
GalaxyS6,PSNFriends
fpv,nsfwacct10
nsfwacct10,fpv
russian,German
German,russian
SpaceNewsBot,KerbalSpaceProgram
KerbalSpaceProgram,SpaceNewsBot
woahdude,asmr
asmr,woahdude
esportsnews,newsg
newsg,esportsnews
Bestbuy,htc
htc,Bestbuy
CampHalfBloodRP,HOTandTRENDING
HOTandTRENDING,CampHalfBloodRP
esports,sports_undelete
sports_undelete,esports
inthenews,arynews
arynews,inthenews
EASportsUFC,TWDRoadToSurvival
TWDRoadToSurvival,EASportsUFC
DJs,Pathfinder_RPG
Pathfinder_RPG,DJs
ambientmusic,treemusic
treemusic,ambientmusic
PSNFriends,OCLions
OCLions,PSNFriends
NBASpurs,Pathfinder_RPG
Pathfinder_RPG,NBASpurs
ar15,nsfwacct10
nsfwacct10,ar15
onlinemovieplaylists,fullmoviesonyoutube
fullmoviesonyoutube,onlinemovieplaylists
TF2fashionadvice,EASportsUFC
EASportsUFC,TF2fashionadvice
woahdude,radiohead
radiohead,woahdude
KenM,HOTandTRENDING
HOTandTRENDING,KenM
truetf2,ockytop
ockytop,truetf2
MMORPG,anime_irl
anime_irl,MMORPG
Hawaii,Miami
Miami,Hawaii
iOSProgramming,TWDRoadToSurvival
TWDRoadToSurvival,iOSProgramming
OCLions,FUTMobile
FUTMobile,OCLions
europe,southafrica
southafrica,europe
RPGMaker,SiliconValleyHBO
SiliconValleyHBO,RPGMaker
Seahawks,tampa
tampa,Seahawks
Stock_Picks,pennystocks
pennystocks,Stock_Picks
PokemonROMhacks,FantasyLCS
FantasyLCS,PokemonROMhacks
fuckmusic,radiohead
radiohead,fuckmusic
RPGMaker,NBASpurs
NBASpurs,RPGMaker
AdventureCapitalist,CapitalismVSocialism
CapitalismVSocialism,AdventureCapitalist
Amateur,amateur_bbws
amateur_bbws,Amateur
PKGOAtlanta,FlashTV
FlashTV,PKGOAtlanta
findaleague,LeagueOfMemes
LeagueOfMemes,findaleague
GameTrade,PictureGame
PictureGame,GameTrade
XboxOneGamers,Gameboy
Gameboy,XboxOneGamers
EASportsUFC,FlashTV
FlashTV,EASportsUFC
htc,Lenovo
Lenovo,htc
NSFWFunny,UCSantaBarbara
UCSantaBarbara,NSFWFunny
WWEGames,GOtrades
GOtrades,WWEGames
MHOnline,HDdesktopWallpaper
HDdesktopWallpaper,MHOnline
NSFWFunny,SeattleWA
SeattleWA,NSFWFunny
eFreebies,giveaways
giveaways,eFreebies
MvC3,NBA2k
NBA2k,MvC3
indonesia,argentina
argentina,indonesia
comedy,comicbookart
comicbookart,comedy
chicagor4r,Ohio
Ohio,chicagor4r
slideforreddit,redditsync
redditsync,slideforreddit
OCPoetry,OutreachHPG
OutreachHPG,OCPoetry
asshole,ShitLiberalsSay
ShitLiberalsSay,asshole
DCcomics,ParagonLFG
ParagonLFG,DCcomics
pokemongoNYC,FeMRADebates
FeMRADebates,pokemongoNYC
Gameboy,radiohead
radiohead,Gameboy
GoneWildPlus,GoneErotic
GoneErotic,GoneWildPlus
fantasybball,Balls
Balls,fantasybball
fantasywriters,fantasybball
fantasybball,fantasywriters
bioniclelego,Gameboy
lego,Gameboy
Gameboy,bioniclelego
Gameboy,lego
chicagoroommates,milwaukee
milwaukee,chicagoroommates
radiohead,compDota2
compDota2,radiohead
RPGMaker,iOSProgramming
iOSProgramming,RPGMaker
SiliconValleyHBO,Pathfinder_RPG
Pathfinder_RPG,SiliconValleyHBO
PKGOAtlanta,MHOnline
MHOnline,PKGOAtlanta
chicagor4r,brisbane
brisbane,chicagor4r
mymusic,treemusic
treemusic,mymusic
philadelphia,florida
florida,philadelphia
RPGMaker,NBAForums
NBAForums,RPGMaker
britishproblems,firstworldproblems
firstworldproblems,britishproblems
NBAForums,FUTMobile
FUTMobile,NBAForums
ockytop,rpdrcirclejerk
rpdrcirclejerk,ockytop
russian,Norway
Norway,russian
EASportsUFC,Pathfinder_RPG
Pathfinder_RPG,EASportsUFC
GameTrade,EvolveGame
EvolveGame,GameTrade
Economics,psychology
psychology,Economics
GalaxyS6,HOTandTRENDING
HOTandTRENDING,GalaxyS6
videogames,youtubegaming
youtubegaming,videogames
fpv,osx
osx,fpv
ihavenolifeee,WowUI
WowUI,ihavenolifeee
EASportsUFC,SeattleWA
SeattleWA,EASportsUFC
Lenovo,Nikon
Nikon,Lenovo
DCcomics,PokemonROMhacks
PokemonROMhacks,DCcomics
GameShare,PictureGame
PictureGame,GameShare
SpaceNewsBot,GeinouNews
GeinouNews,SpaceNewsBot
balisong,radiohead
radiohead,balisong
MvC3,EASportsUFC
EASportsUFC,MvC3
esportsnews,sportsbetting
sportsbetting,esportsnews
OCLions,UCSantaBarbara
UCSantaBarbara,OCLions
HxHBattleAllStars,HOTandTRENDING
HOTandTRENDING,HxHBattleAllStars
EASportsUFC,C_Programming
C_Programming,EASportsUFC
MvC3,NSFWFunny
NSFWFunny,MvC3
NBAForums,ParagonLFG
ParagonLFG,NBAForums
ar15,ockytop
ockytop,ar15
ar15,avfc
avfc,ar15
comicbooks,comedy
comedy,comicbooks
OCPoetry,NBA2k
NBA2k,OCPoetry
2meirl4meirl,niceguys
niceguys,2meirl4meirl
ImagesOfIndia,ImagesOfNewYork
ImagesOfNewYork,ImagesOfIndia
NBAForums,SeattleWA
SeattleWA,NBAForums
LV426,Nikon
Nikon,LV426
pokemongoNYC,MotoUK
MotoUK,pokemongoNYC
comicbooks,ToManga
comicbooks,manga
ToManga,comicbooks
manga,comicbooks
NewsChina,ImmigrationNews
ImmigrationNews,NewsChina
tampa,Omaha
Omaha,tampa
Miami,Omaha
Omaha,Miami
SiliconValleyHBO,OverwatchLFT
OverwatchLFT,SiliconValleyHBO
nsfwacct10,lgg5
nsfwacct10,lgg4
lgg5,nsfwacct10
lgg4,nsfwacct10
ShitAmericansSay,fuckmusic
fuckmusic,ShitAmericansSay
Lenovo,UMD
UMD,Lenovo
TF2fashionadvice,DNCleaks
DNCleaks,TF2fashionadvice
Wicked_JohnRS,OverwatchLFT
OverwatchLFT,Wicked_JohnRS
TF2fashionadvice,PSNFriends
PSNFriends,TF2fashionadvice
AmISexy,sexygirls
sexygirls,AmISexy
videogames,anime_irl
anime_irl,videogames
Rabbits,RATS
RATS,Rabbits
MvC3,PSNFriends
PSNFriends,MvC3
WorldOfNintendo,ShinyPokemon
ShinyPokemon,WorldOfNintendo
MvC3,OCLions
OCLions,MvC3
DJs,NBA2k
NBA2k,DJs
OCPoetry,OverwatchLFT
OverwatchLFT,OCPoetry
dankmemes,meme
meme,dankmemes
SkincareAddiction,HaircareScience
HaircareScience,SkincareAddiction
TF2fashionadvice,AyyMD
AyyMD,TF2fashionadvice
dubai,Miami
Miami,dubai
Rabbits,Pets
Pets,Rabbits
rss_boingboing,fark
fark,rss_boingboing
FantasyLCS,KenM
KenM,FantasyLCS
MHOnline,DNCleaks
DNCleaks,MHOnline
NSFWFunny,FeMRADebates
FeMRADebates,NSFWFunny
chicagor4r,avfc
avfc,chicagor4r
OutreachHPG,NBA2k
NBA2k,OutreachHPG
london,Omaha
Omaha,london
Pathfinder_RPG,Unity3D
Unity3D,Pathfinder_RPG
chicagor4r,ynab
ynab,chicagor4r
nevertellmetheodds,doyoucope
doyoucope,nevertellmetheodds
arcticmonkeys,penguins
penguins,arcticmonkeys
PKGOAtlanta,NBAForums
NBAForums,PKGOAtlanta
catvideos,Pets
Pets,catvideos
RSDarkscape,CampHalfBloodRP
CampHalfBloodRP,RSDarkscape
CampHalfBloodRP,UggyRS
UggyRS,CampHalfBloodRP
saskatoon,uAlberta
uAlberta,saskatoon
DCcomics,FantasyLCS
FantasyLCS,DCcomics
asmr,rpdrcirclejerk
rpdrcirclejerk,asmr
duelyst,rickandmorty
rickandmorty,duelyst
FlashTV,AyyMD
AyyMD,FlashTV
ICanDrawThat,WowUI
WowUI,ICanDrawThat
ihavenolifeee,youtubetitties
youtubetitties,ihavenolifeee
Cleveland,Omaha
Omaha,Cleveland
AskElectronics,AskStatistics
AskStatistics,AskElectronics
gone_nsfw,gonewildchubby
gonewildchubby,gone_nsfw
CompetitiveHS,GOtrades
GOtrades,CompetitiveHS
NBAForums,CTTandcoTwitter
CTTandcoTwitter,NBAForums
DJs,PokemonROMhacks
PokemonROMhacks,DJs
Business_Ideas,ideasfortheadmins
ideasfortheadmins,Business_Ideas
philadelphia,uAlberta
uAlberta,philadelphia
EnoughLibertarianSpam,enoughsandersspam
enoughsandersspam,EnoughLibertarianSpam
SeattleWA,FantasyLCS
FantasyLCS,SeattleWA
2meirl4meirl,AmISexy
AmISexy,2meirl4meirl
ar15,ledootgeneration
ledootgeneration,ar15
TF2fashionadvice,ParagonLFG
ParagonLFG,TF2fashionadvice
top_dogs,puppy101
puppy101,top_dogs
iOSProgramming,NBA2k
NBA2k,iOSProgramming
MTVScream,OCPoetry
OCPoetry,MTVScream
DJs,NSFWFunny
NSFWFunny,DJs
Miami,Portland
Portland,Miami
russiawarinukraine,europe
europe,russiawarinukraine
RSDarkscape,NBASpurs
NBASpurs,RSDarkscape
NBASpurs,UggyRS
UggyRS,NBASpurs
omegle,kiezkicker
kiezkicker,omegle
htc,radiohead
radiohead,htc
omegle,yoyhammer
yoyhammer,omegle
HDdesktopWallpaper,OutreachHPG
OutreachHPG,HDdesktopWallpaper
iOSProgramming,Wicked_JohnRS
Wicked_JohnRS,iOSProgramming
ImagesOfThe1920s,ImagesOfTexas
ImagesOfThe1950s,ImagesOfTexas
ImagesOfTexas,ImagesOfThe1920s
ImagesOfTexas,ImagesOfThe1950s
ImagesOfTexas,ImagesOfThe1930s
ImagesOfThe1930s,ImagesOfTexas
milwaukee,Cleveland
Cleveland,milwaukee
PSNFriends,FeMRADebates
FeMRADebates,PSNFriends
FantasyLCS,FeMRADebates
FeMRADebates,FantasyLCS
WWEGames,Wicked_JohnRS
Wicked_JohnRS,WWEGames
imagesofthe1960s,ImagesOfNewYork
ImagesOfNewYork,imagesofthe1960s
woahdude,yoyhammer
yoyhammer,woahdude
ambientmusic,freshalbumart
freshalbumart,ambientmusic
esportsnews,arynews
arynews,esportsnews
omegle,avfc
avfc,omegle
SecNewsGR,OverwatchLFT
OverwatchLFT,SecNewsGR
Omaha,NorthAmerican
NorthAmerican,Omaha
industrialmusic,Jazz
Jazz,industrialmusic
OCPoetry,FUTMobile
FUTMobile,OCPoetry
DJs,OverwatchLFT
OverwatchLFT,DJs
fpv,rickandmorty
rickandmorty,fpv
PokemonROMhacks,OCPoetry
OCPoetry,PokemonROMhacks
PokemonGoUK,WowUI
WowUI,PokemonGoUK
russiawarinukraine,Korean
Korean,russiawarinukraine
Norway,Italia
Italia,Norway
PokemonGoUK,EASportsUFC
EASportsUFC,PokemonGoUK
anime_irl,MangaManga
MangaManga,anime_irl
asktransgender,gayporn
gayporn,asktransgender
chicagor4r,csgo
csgo,chicagor4r
fpv,duelyst
duelyst,fpv
Wicked_JohnRS,OutreachHPG
OutreachHPG,Wicked_JohnRS
fpv,disserwrite
disserwrite,fpv
MHOnline,OverwatchLFT
OverwatchLFT,MHOnline
EASportsUFC,SecNewsGR
SecNewsGR,EASportsUFC
lgbt,gaybros
gaybros,lgbt
Miami,Ohio
Ohio,Miami
NSFWFunny,MotoG
MotoG,NSFWFunny
wownoob,awesome
awesome,wownoob
MHOnline,TWDRoadToSurvival
TWDRoadToSurvival,MHOnline
ToManga,comicbookart
manga,comicbookart
comicbookart,ToManga
comicbookart,manga
lingerie,fashion
fashion,lingerie
PKGOAtlanta,CTTandcoTwitter
CTTandcoTwitter,PKGOAtlanta
NintendoNX,NBASpurs
NBASpurs,NintendoNX
Scotland,europe
europe,Scotland
nsfwacct10,youtubetitties
youtubetitties,nsfwacct10
alle15minuten,rickandmorty
rickandmorty,alle15minuten
shittyfoodporn,fullmoviesonyoutube
fullmoviesonyoutube,shittyfoodporn
Jazz,fuckmusic
fuckmusic,Jazz
MTVScream,KenM
KenM,MTVScream
MTVScream,NBA2k
NBA2k,MTVScream
nevertellmetheodds,HistoryWhatIf
HistoryWhatIf,nevertellmetheodds
rss_boingboing,ledootgeneration
ledootgeneration,rss_boingboing
The100,infj
infj,The100
battlecats,top_dogs
top_dogs,battlecats
MvC3,OverwatchLFT
OverwatchLFT,MvC3
emacs,PHP
PHP,emacs
SiliconValleyHBO,FeMRADebates
FeMRADebates,SiliconValleyHBO
Denver,milwaukee
milwaukee,Denver
NBAForums,AyyMD
AyyMD,NBAForums
comiccon,comedy
comedy,comiccon
FREE,FreeTipsBot
FreeTipsBot,FREE
fpv,sissyhypno
sissyhypno,fpv
greece,london
london,greece
TalesFromTheFrontDesk,TalesFromRetail
TalesFromRetail,TalesFromTheFrontDesk
WWEGames,NBASpurs
NBASpurs,WWEGames
shopify,rickandmorty
rickandmorty,shopify
PleX,HOTandTRENDING
HOTandTRENDING,PleX
ParagonLFG,GalaxyS6
GalaxyS6,ParagonLFG
FlashTV,NintendoNX
NintendoNX,FlashTV
rss_boingboing,yoyhammer
yoyhammer,rss_boingboing
ImagesOfWyoming,ImagesOfNewYork
ImagesOfNewYork,ImagesOfWyoming
offmychest,mymusic
mymusic,offmychest
chicagor4r,indonesia
indonesia,chicagor4r
howyoudoin,DecidingToBeBetter
DecidingToBeBetter,howyoudoin
linuxmint,PHP
PHP,linuxmint
Norway,rickandmorty
rickandmorty,Norway
swordartonline,elderscrollsonline
elderscrollsonline,swordartonline
MTVScream,Wicked_JohnRS
Wicked_JohnRS,MTVScream
woahdude,kiezkicker
kiezkicker,woahdude
ShouldIbuythisgame,DecidingToBeBetter
DecidingToBeBetter,ShouldIbuythisgame
PKGOAtlanta,NintendoNX
NintendoNX,PKGOAtlanta
PSNFriends,NintendoNX
NintendoNX,PSNFriends
emacs,UMD
UMD,emacs
RSDarkscape,Unity3D
Unity3D,RSDarkscape
Unity3D,UggyRS
UggyRS,Unity3D
london,Denver
Denver,london
DCcomics,OverwatchLFT
OverwatchLFT,DCcomics
rocksmith,Portland
Portland,rocksmith
everymanshouldknow,DoesAnybodyElse
DoesAnybodyElse,everymanshouldknow
opiates,Drugs
Drugs,opiates
TWDRoadToSurvival,Unity3D
Unity3D,TWDRoadToSurvival
ShitAmericansSay,2meirl4meirl
2meirl4meirl,ShitAmericansSay
FeMRADebates,TWDRoadToSurvival
TWDRoadToSurvival,FeMRADebates
howyoudoin,2meirl4meirl
2meirl4meirl,howyoudoin
RPGMaker,WWEGames
WWEGames,RPGMaker
assinthong,aspergers
aspergers,assinthong
70smusic,imagesofthe1960s
imagesofthe1960s,70smusic
OCPoetry,UCSantaBarbara
UCSantaBarbara,OCPoetry
howyoudoin,maybemaybeoriginal
maybemaybeoriginal,howyoudoin
EverythingScience,ScienceUncensored
ScienceUncensored,EverythingScience
emacs,fpv
fpv,emacs
Bestbuy,Lenovo
Lenovo,Bestbuy
NSFWFunny,KenM
KenM,NSFWFunny
ShitLiberalsSay,damngoodinterracial
damngoodinterracial,ShitLiberalsSay
london,Miami
Miami,london
htc,Android
Android,htc
htc,Italia
Italia,htc
ParagonLFG,MotoUK
MotoUK,ParagonLFG
Hawaii,Albuquerque
Albuquerque,Hawaii
europe,florida
florida,europe
McJuggerNuggets,DenverBroncos
DenverBroncos,McJuggerNuggets
truetf2,rickandmorty
rickandmorty,truetf2
Portland,Cleveland
Cleveland,Portland
sports_undelete,esportsnews
esportsnews,sports_undelete
OCLions,OverwatchLFT
OverwatchLFT,OCLions
nsfwacct10,rickandmorty
rickandmorty,nsfwacct10
ihavenolifeee,asmr
asmr,ihavenolifeee
PictureGame,FreeGameFindings
FreeGameFindings,PictureGame
duelyst,youtubetitties
youtubetitties,duelyst
nouvellesdumonde,ledootgeneration
ledootgeneration,nouvellesdumonde
DJs,SecNewsGR
SecNewsGR,DJs
brisbane,milwaukee
milwaukee,brisbane
greece,europeannationalism
europeannationalism,greece
phillies,tampa
tampa,phillies
asktransgender,gaybears
gaybears,asktransgender
GamingStunts,videogames
videogames,GamingStunts
offmychest,2meirl4meirl
2meirl4meirl,offmychest
Denver,vikingstv
vikingstv,Denver
DnB,NBA2k
NBA2k,DnB
EASportsUFC,WowUI
WowUI,EASportsUFC
MHOnline,NBA2k
NBA2k,MHOnline
Winnipeg,uAlberta
uAlberta,Winnipeg
OCLions,PokemonROMhacks
PokemonROMhacks,OCLions
gayporn,actuallesbians
actuallesbians,gayporn
whitepeoplegifs,indianpeoplefacebook
indianpeoplefacebook,whitepeoplegifs
TF2fashionadvice,Pathfinder_RPG
Pathfinder_RPG,TF2fashionadvice
chicagor4r,woahdude
woahdude,chicagor4r
phillies,Denver
Denver,phillies
pussy,BBW
BBW,pussy
industrialmusic,fuckmusic
fuckmusic,industrialmusic
Charlotte,Miami
Miami,Charlotte
MvC3,ParagonLFG
ParagonLFG,MvC3
PokemonROMhacks,Wicked_JohnRS
Wicked_JohnRS,PokemonROMhacks
pussy,asshole
asshole,pussy
reactiongifs,pics
pics,reactiongifs
RPGMaker,MTVScream
MTVScream,RPGMaker
russia,Korean
Korean,russia
FantasyLCS,MotoG
MotoG,FantasyLCS
MotoUK,UCSantaBarbara
UCSantaBarbara,MotoUK
OCLions,DNCleaks
DNCleaks,OCLions
Lenovo,osx
osx,Lenovo
chicagor4r,detroitlions
detroitlions,chicagor4r
artstore,comicbookart
comicbookart,artstore
PKGOAtlanta,DJs
DJs,PKGOAtlanta
AskAcademia,AskStatistics
AskStatistics,AskAcademia
chicagor4r,london
london,chicagor4r
CraftBeer,beertrade
beertrade,CraftBeer
NBAForums,NintendoNX
NintendoNX,NBAForums
OutreachHPG,UCSantaBarbara
UCSantaBarbara,OutreachHPG
BobsBurgers,steak
steak,BobsBurgers
OCLions,TWDRoadToSurvival
TWDRoadToSurvival,OCLions
NBAForums,Pathfinder_RPG
Pathfinder_RPG,NBAForums
lgg5,rpdrcirclejerk
lgg4,rpdrcirclejerk
rpdrcirclejerk,lgg5
rpdrcirclejerk,lgg4
catvideos,CatsStandingUp
CatsStandingUp,catvideos
woahdude,ledootgeneration
ledootgeneration,woahdude
iOSProgramming,GalaxyS6
GalaxyS6,iOSProgramming
wownoob,woweconomy
woweconomy,wownoob
German,deutsche
deutsche,German
eFreebies,SwagBucks
SwagBucks,eFreebies
WWEGames,NintendoNX
NintendoNX,WWEGames
WowUI,rpdrcirclejerk
rpdrcirclejerk,WowUI
unixporn,PHP
PHP,unixporn
giftcardexchange,snackexchange
snackexchange,giftcardexchange
FantasyLCS,MotoUK
MotoUK,FantasyLCS
RSDarkscape,NBAForums
NBAForums,RSDarkscape
NBAForums,UggyRS
UggyRS,NBAForums
esports,sportsbetting
sportsbetting,esports
OCPoetry,DNCleaks
DNCleaks,OCPoetry
NBASpurs,OverwatchLFT
OverwatchLFT,NBASpurs
pokemongoNYC,MotoG
MotoG,pokemongoNYC
70smusic,treemusic
treemusic,70smusic
WWEGames,GalaxyS6
GalaxyS6,WWEGames
DCcomics,DnD
DnD,DCcomics
nouvellesdumonde,deutsche
deutsche,nouvellesdumonde
ImagesOfTexas,ImagesOfNewYork
ImagesOfNewYork,ImagesOfTexas
iosgaming,XboxOneGamers
XboxOneGamers,iosgaming
CompetitiveHS,KenM
KenM,CompetitiveHS
FlashTV,pokemongoNYC
pokemongoNYC,FlashTV
RSDarkscape,KenM
KenM,RSDarkscape
KenM,UggyRS
UggyRS,KenM
PokemonROMhacks,SecNewsGR
SecNewsGR,PokemonROMhacks
everymanshouldknow,nevertellmetheodds
nevertellmetheodds,everymanshouldknow
truetf2,ledootgeneration
ledootgeneration,truetf2
Bestbuy,Nikon
Nikon,Bestbuy
europe,russian
russian,europe
london,florida
florida,london
GuessTheMovie,fullmoviesonyoutube
fullmoviesonyoutube,GuessTheMovie
greece,Nepal
Nepal,greece
DJs,Unity3D
Unity3D,DJs
ar15,truetf2
truetf2,ar15
wownoob,radiohead
radiohead,wownoob
OCLions,OutreachHPG
OutreachHPG,OCLions
Winnipeg,Norway
Norway,Winnipeg
rickandmorty,de
de,rickandmorty
Albuquerque,milwaukee
milwaukee,Albuquerque
FrankOcean,TheAtlantic
TheAtlantic,FrankOcean
GirlsFinishingTheJob,AmateurCollegeGirls
AmateurCollegeGirls,GirlsFinishingTheJob
PSNFriends,MotoG
MotoG,PSNFriends
Seahawks,philadelphia
philadelphia,Seahawks
rss_boingboing,Norway
Norway,rss_boingboing
stonerrock,fuckmusic
fuckmusic,stonerrock
industrialmusic,mymusic
mymusic,industrialmusic
HDdesktopWallpaper,CompetitiveHS
CompetitiveHS,HDdesktopWallpaper
nevertellmetheodds,doppelbangher
doppelbangher,nevertellmetheodds
chicagor4r,fpv
fpv,chicagor4r
rss_boingboing,chaluunion
chaluunion,rss_boingboing
greece,russia
russia,greece
osx,ynab
ynab,osx
ShitAmericansSay,WowUI
WowUI,ShitAmericansSay
WWEGames,MotoUK
MotoUK,WWEGames
russian,Korean
Korean,russian
CTTandcoTwitter,AyyMD
AyyMD,CTTandcoTwitter
Cricket,Bowling
Bowling,Cricket
OCPoetry,C_Programming
C_Programming,OCPoetry
london,Albuquerque
Albuquerque,london
sissyhypno,ledootgeneration
ledootgeneration,sissyhypno
whitepeoplegifs,aspergers
aspergers,whitepeoplegifs
SecNewsGR,NBA2k
NBA2k,SecNewsGR
OCLions,Pathfinder_RPG
Pathfinder_RPG,OCLions
unixporn,QuotesPorn
QuotesPorn,unixporn
WiggleButts,CelebrityButts
CelebrityButts,WiggleButts
CompetitiveHS,NBA2k
NBA2k,CompetitiveHS
NarutoNinjaStorm,ToManga
NarutoNinjaStorm,manga
ToManga,NarutoNinjaStorm
manga,NarutoNinjaStorm
EASportsUFC,esports
esports,EASportsUFC
fpvracing,ynab
ynab,fpvracing
iOSProgramming,SecNewsGR
SecNewsGR,iOSProgramming
youtubehaiku,radiohead
radiohead,youtubehaiku
PKGOAtlanta,UCSantaBarbara
UCSantaBarbara,PKGOAtlanta
FeMRADebates,Wicked_JohnRS
Wicked_JohnRS,FeMRADebates
MTVScream,NintendoNX
NintendoNX,MTVScream
cumsluts,AsianHotties
AsianHotties,cumsluts
MTVScream,MotoUK
MotoUK,MTVScream
hockeyplayers,tennis
tennis,hockeyplayers
youtubegaming,youtubetitties
youtubetitties,youtubegaming
GOtrades,FUTMobile
FUTMobile,GOtrades
croatia,Nepal
Nepal,croatia
iOSProgramming,NintendoNX
NintendoNX,iOSProgramming
OCLions,NBA2k
NBA2k,OCLions
gifsbabes,AsianHotties
AsianHotties,gifsbabes
rss_boingboing,disserwrite
disserwrite,rss_boingboing
RPGMaker,NintendoNX
NintendoNX,RPGMaker
youtubehaiku,youtubetitties
youtubetitties,youtubehaiku
imagesofthe1960s,gifsbabes
gifsbabes,imagesofthe1960s
Jazz,Dance
Dance,Jazz
skateboarding,bicycling
bicycling,skateboarding
Italia,deutsche
deutsche,Italia
AmISexy,FuckYou
FuckYou,AmISexy
HxHBattleAllStars,TWDRoadToSurvival
TWDRoadToSurvival,HxHBattleAllStars
NBASpurs,OutreachHPG
OutreachHPG,NBASpurs
croatia,3liga
3liga,croatia
puretppc,youtubetitties
youtubetitties,puretppc
fuckmusic,Titties
Titties,fuckmusic
DJs,pokemongoNYC
pokemongoNYC,DJs
yoyhammer,ynab
ynab,yoyhammer
lgg5,yoyhammer
yoyhammer,lgg5
yoyhammer,lgg4
lgg4,yoyhammer
vikingstv,Cleveland
Cleveland,vikingstv
MHOnline,CTTandcoTwitter
CTTandcoTwitter,MHOnline
washingtonwizards,obama
obama,washingtonwizards
FreeAtheism,religion
religion,FreeAtheism
CTTandcoTwitter,DNCleaks
DNCleaks,CTTandcoTwitter
argentina,Italia
Italia,argentina
wec,vikingstv
vikingstv,wec
freshalbumart,artstore
artstore,freshalbumart
iosgaming,cyanogenmod
cyanogenmod,iosgaming
chicagor4r,florida
florida,chicagor4r
CTTandcoTwitter,OutreachHPG
OutreachHPG,CTTandcoTwitter
london,Norway
Norway,london
OCPoetry,Pathfinder_RPG
Pathfinder_RPG,OCPoetry
wownoob,Gameboy
Gameboy,wownoob
phillies,vikingstv
vikingstv,phillies
NBAForums,OCPoetry
OCPoetry,NBAForums
uktrees,treemusic
treemusic,uktrees
gayporn,AnimalPorn
AnimalPorn,gayporn
britishproblems,baduk
baduk,britishproblems
lgg5,sissyhypno
sissyhypno,lgg5
sissyhypno,lgg4
lgg4,sissyhypno
NintendoNX,FantasyLCS
FantasyLCS,NintendoNX
chicagor4r,phillies
phillies,chicagor4r
argentina,Norway
Norway,argentina
feminisms,aspergers
aspergers,feminisms
Gameboy,UMD
UMD,Gameboy
Scotland,london
london,Scotland
Norway,russia
russia,Norway
Nepal,indianpeoplefacebook
indianpeoplefacebook,Nepal
philadelphia,Portland
Portland,philadelphia
DJs,Wicked_JohnRS
Wicked_JohnRS,DJs
faeria,arduino
arduino,faeria
StockMarket,sneakermarket
sneakermarket,StockMarket
milwaukee,tampa
tampa,milwaukee
fark,rpdrcirclejerk
rpdrcirclejerk,fark
PokemonGoUK,HOTandTRENDING
HOTandTRENDING,PokemonGoUK
DCcomics,SiliconValleyHBO
SiliconValleyHBO,DCcomics
london,Calgary
Calgary,london
Scotland,greece
greece,Scotland
trapmuzik,trap
trap,trapmuzik
shopify,ockytop
ockytop,shopify
htc,osx
osx,htc
RPGMaker,FUTMobile
FUTMobile,RPGMaker
damngoodinterracial,gaybros
gaybros,damngoodinterracial
MotoUK,NBA2k
NBA2k,MotoUK
artstore,swordartonline
swordartonline,artstore
HxHBattleAllStars,HDdesktopWallpaper
HDdesktopWallpaper,HxHBattleAllStars
reggae,stonerrock
stonerrock,reggae
wownoob,Spiderman
Spiderman,wownoob
FUTMobile,WowUI
WowUI,FUTMobile
iosgaming,Gameboy
Gameboy,iosgaming
omegle,arduino
arduino,omegle
TF2fashionadvice,iOSProgramming
iOSProgramming,TF2fashionadvice
Hawaii,florida
florida,Hawaii
ParagonLFG,KenM
KenM,ParagonLFG
rss_boingboing,duelyst
duelyst,rss_boingboing
croatia,italypremium
italypremium,croatia
cosplaygirls,ToManga
cosplaygirls,manga
ToManga,cosplaygirls
manga,cosplaygirls
MvC3,iOSProgramming
iOSProgramming,MvC3
JonoBondTwitter,BlackPeopleTwitter
BlackPeopleTwitter,JonoBondTwitter
animation,anime_irl
anime_irl,animation
NarutoNinjaStorm,Halo_5_Guardians
Halo_5_Guardians,NarutoNinjaStorm
NintendoNX,Pathfinder_RPG
Pathfinder_RPG,NintendoNX
woahdude,AsianHotties
AsianHotties,woahdude
omegle,disserwrite
disserwrite,omegle
shittyfoodporn,porninfifteenseconds
porninfifteenseconds,shittyfoodporn
asshole,fuckmusic
fuckmusic,asshole
ShitAmericansSay,Omaha
Omaha,ShitAmericansSay
rss_boingboing,dirtykikpals
dirtykikpals,rss_boingboing
Vue,rickandmorty
rickandmorty,Vue
unrealengine,awesome
awesome,unrealengine
PokemonROMhacks,pokemongoNYC
pokemongoNYC,PokemonROMhacks
CTTandcoTwitter,OCPoetry
OCPoetry,CTTandcoTwitter
CTTandcoTwitter,NBASpurs
NBASpurs,CTTandcoTwitter
obama,Cleveland
Cleveland,obama
greece,German
German,greece
florida,obama
obama,florida
Albuquerque,uAlberta
uAlberta,Albuquerque
GOtrades,NBA2k
NBA2k,GOtrades
ihavenolifeee,ledootgeneration
ledootgeneration,ihavenolifeee
CampHalfBloodRP,OutreachHPG
OutreachHPG,CampHalfBloodRP
intj,fpv
fpv,intj
dadjokes,2meirl4meirl
2meirl4meirl,dadjokes
treemusic,fuckmusic
fuckmusic,treemusic
Hawaii,Denver
Denver,Hawaii
lewd_phone_wallpapers,phones
phones,lewd_phone_wallpapers
MTVScream,FeMRADebates
FeMRADebates,MTVScream
rickandmorty,disserwrite
disserwrite,rickandmorty
DCcomics,pokemongoNYC
pokemongoNYC,DCcomics
emacs,cyanogenmod
cyanogenmod,emacs
htc,Nikon
Nikon,htc
asmr,rickandmorty
rickandmorty,asmr
fpv,ockytop
ockytop,fpv
nevertellmetheodds,maybemaybeoriginal
maybemaybeoriginal,nevertellmetheodds
comedy,StandUpComedy
StandUpComedy,comedy
MotoG,FUTMobile
FUTMobile,MotoG
SeattleWA,HOTandTRENDING
HOTandTRENDING,SeattleWA
appleswap,snackexchange
snackexchange,appleswap
ShitAmericansSay,vikingstv
vikingstv,ShitAmericansSay
uvtrade,beertrade
beertrade,uvtrade
ImABlue,WowUI
WowUI,ImABlue
HxHBattleAllStars,FantasyLCS
FantasyLCS,HxHBattleAllStars
truetf2,WowUI
WowUI,truetf2
MHOnline,RPGMaker
RPGMaker,MHOnline
Nepal,Norway
Norway,Nepal
NBAForums,TWDRoadToSurvival
TWDRoadToSurvival,NBAForums
BritishPolitics,europeannationalism
europeannationalism,BritishPolitics
nsfwacct10,arduino
arduino,nsfwacct10
LeagueOfMeta,SubredditSimMeta
SubredditSimMeta,LeagueOfMeta
Seahawks,brisbane
brisbane,Seahawks
rss_boingboing,gifsbabes
gifsbabes,rss_boingboing
DNCleaks,CampHalfBloodRP
CampHalfBloodRP,DNCleaks
GamerVideos,youtubegaming
youtubegaming,GamerVideos
NintendoNX,ParagonLFG
ParagonLFG,NintendoNX
WowUI,FuckYou
FuckYou,WowUI
croatia,bangladesh
bangladesh,croatia
swimmingnews,UpliftingNews
UpliftingNews,swimmingnews
German,Norway
Norway,German
doyoucope,FuckYou
FuckYou,doyoucope
SecNewsGR,CompetitiveHS
CompetitiveHS,SecNewsGR
emacs,osx
osx,emacs
itookapicture,ICanDrawThat
ICanDrawThat,itookapicture
industrialmusic,treemusic
treemusic,industrialmusic
battlecats,battlebots
battlebots,battlecats
chicagor4r,faeria
faeria,chicagor4r
sissyhypno,yoyhammer
yoyhammer,sissyhypno
csgoscammers,rss_boingboing
rss_boingboing,csgoscammers
LV426,omegle
omegle,LV426
Norway,deutsche
deutsche,Norway
MTVScream,PleX
PleX,MTVScream
croatia,russia
russia,croatia
dirtykikpals,kiezkicker
kiezkicker,dirtykikpals
hoggit,lgg5
hoggit,lgg4
lgg5,hoggit
lgg4,hoggit
JusticePorn,gayporn
gayporn,JusticePorn
brisbane,Miami
Miami,brisbane
Albuquerque,obama
obama,Albuquerque
NBAForums,SecNewsGR
SecNewsGR,NBAForums
ERB,rickandmorty
rickandmorty,ERB
avfc,rickandmorty
rickandmorty,avfc
europe,Denver
Denver,europe
iosgaming,MMORPG
MMORPG,iosgaming
sissyhypno,disserwrite
disserwrite,sissyhypno
spotify,rickandmorty
rickandmorty,spotify
PSNFriends,CampHalfBloodRP
CampHalfBloodRP,PSNFriends
Rabbits,insects
insects,Rabbits
brisbane,Omaha
Omaha,brisbane
woahdude,truetf2
truetf2,woahdude
chicagor4r,puretppc
puretppc,chicagor4r
ToManga,BorutoMangaMe
BorutoMangaMe,ToManga
BorutoMangaMe,manga
manga,BorutoMangaMe
islam,indianpeoplefacebook
indianpeoplefacebook,islam
AsianHotties,sexygirls
sexygirls,AsianHotties
fpv,yoyhammer
yoyhammer,fpv
exmuslim,islam
islam,exmuslim
avfc,Norway
Norway,avfc
Wicked_JohnRS,NBA2k
NBA2k,Wicked_JohnRS
top_dogs,catvideos
catvideos,top_dogs
Portland,uAlberta
uAlberta,Portland
Weird,niceguys
niceguys,Weird
ShitAmericansSay,ihavenolifeee
ihavenolifeee,ShitAmericansSay
pokemongoNYC,PleX
PleX,pokemongoNYC
DJs,FlashTV
FlashTV,DJs
chicagor4r,bangladesh
bangladesh,chicagor4r
FlashTV,MotoUK
MotoUK,FlashTV
HDdesktopWallpaper,SiliconValleyHBO
SiliconValleyHBO,HDdesktopWallpaper
MvC3,Pathfinder_RPG
Pathfinder_RPG,MvC3
OCLions,FlashTV
FlashTV,OCLions
chicagor4r,obama
obama,chicagor4r
FlashTV,CompetitiveHS
CompetitiveHS,FlashTV
WatchItForThePlot,The100
The100,WatchItForThePlot
NBAForums,iOSProgramming
iOSProgramming,NBAForums
UCSantaBarbara,OverwatchLFT
OverwatchLFT,UCSantaBarbara
Italia,rickandmorty
rickandmorty,Italia
nevertellmetheodds,ShitLiberalsSay
ShitLiberalsSay,nevertellmetheodds
Omaha,Calgary
Calgary,Omaha
DungeonsAndDragons,pokemon
pokemon,DungeonsAndDragons
itookapicture,todayilearned
todayilearned,itookapicture
SecNewsGR,MotoG
MotoG,SecNewsGR
redditrequest,redditsync
redditsync,redditrequest
opiates,cocaine
cocaine,opiates
PSNFriends,CTTandcoTwitter
CTTandcoTwitter,PSNFriends
anime_irl,youtubegaming
youtubegaming,anime_irl
esportsnews,UpliftingNews
UpliftingNews,esportsnews
indonesia,Italia
Italia,indonesia
boating,scuba
scuba,boating
FantasyLCS,C_Programming
C_Programming,FantasyLCS
Economics,geopolitics
geopolitics,Economics
philadelphia,Omaha
Omaha,philadelphia
RSDarkscape,FlashTV
FlashTV,RSDarkscape
FlashTV,UggyRS
UggyRS,FlashTV
gone_nsfw,gonewildcurvy
gonewildcurvy,gone_nsfw
offmychest,doppelbangher
doppelbangher,offmychest
detroitlions,Cleveland
Cleveland,detroitlions
duelyst,ynab
ynab,duelyst
russiawarinukraine,wargame
wargame,russiawarinukraine
sports_undelete,sportsbetting
sportsbetting,sports_undelete
rss_boingboing,ERB
ERB,rss_boingboing
woahdude,ethereum
ethereum,woahdude
boating,bassfishing
bassfishing,boating
Portland,Albuquerque
Albuquerque,Portland
woahdude,FuckYou
FuckYou,woahdude
Charlotte,florida
florida,Charlotte
ethereum,sissyhypno
sissyhypno,ethereum
gifsbabes,compDota2
compDota2,gifsbabes
sissyhypno,asmr
asmr,sissyhypno
philadelphia,Ohio
Ohio,philadelphia
SecNewsGR,SiliconValleyHBO
SiliconValleyHBO,SecNewsGR
Bestbuy,playstation
playstation,Bestbuy
removalbot,battlebots
battlebots,removalbot
ar15,fpv
fpv,ar15
Denver,obama
obama,Denver
BeautyGuruChat,YogaHotness
YogaHotness,BeautyGuruChat
CTTandcoTwitter,JonoBondTwitter
JonoBondTwitter,CTTandcoTwitter
osx,PHP
PHP,osx
ntvstyle,ockytop
ockytop,ntvstyle
FeMRADebates,OutreachHPG
OutreachHPG,FeMRADebates
rss_boingboing,nsfw_gifs
rss_boingboing,gifs
nsfw_gifs,rss_boingboing
gifs,rss_boingboing
anime_irl,Gameboy
Gameboy,anime_irl
europe,italypremium
italypremium,europe
TF2fashionadvice,OutreachHPG
OutreachHPG,TF2fashionadvice
MHOnline,NBASpurs
NBASpurs,MHOnline
GamerVideos,XboxOneGamers
XboxOneGamers,GamerVideos
Business_Ideas,Entrepreneurship
Entrepreneurship,Business_Ideas
TF2fashionadvice,NBASpurs
NBASpurs,TF2fashionadvice
tinydick,asshole
asshole,tinydick
avfc,nsfwacct10
nsfwacct10,avfc
CTTandcoTwitter,CompetitiveHS
CompetitiveHS,CTTandcoTwitter
philadelphia,london
london,philadelphia
chicagor4r,Portland
Portland,chicagor4r
DCcomics,FeMRADebates
FeMRADebates,DCcomics
chicagor4r,sissyhypno
sissyhypno,chicagor4r
saskatoon,Calgary
Calgary,saskatoon
ledootgeneration,ockytop
ockytop,ledootgeneration
findaleague,LeagueOfMeta
LeagueOfMeta,findaleague
OCPoetry,AyyMD
AyyMD,OCPoetry
philadelphia,Calgary
Calgary,philadelphia
GODZILLA,beatles
beatles,GODZILLA
itookapicture,WowUI
WowUI,itookapicture
Seahawks,WowUI
WowUI,Seahawks
Albuquerque,tampa
tampa,Albuquerque
battlecats,catvideos
catvideos,battlecats
nsfw_gifs,osx
gifs,osx
osx,nsfw_gifs
osx,gifs
chicagoroommates,Denver
Denver,chicagoroommates
Bestbuy,UMD
UMD,Bestbuy
everymanshouldknow,ShouldIbuythisgame
ShouldIbuythisgame,everymanshouldknow
puretppc,rss_boingboing
rss_boingboing,puretppc
europe,argentina
argentina,europe
iOSProgramming,FeMRADebates
FeMRADebates,iOSProgramming
cambomb,Bombing
Bombing,cambomb
PokemonROMhacks,CampHalfBloodRP
CampHalfBloodRP,PokemonROMhacks
faeria,omegle
omegle,faeria
programmingcirclejerk,programming
programming,programmingcirclejerk
MvC3,OCPoetry
OCPoetry,MvC3
ImagesOfThe1920s,ImagesOfNewYork
ImagesOfThe1950s,ImagesOfNewYork
ImagesOfThe1930s,ImagesOfNewYork
ImagesOfNewYork,ImagesOfThe1920s
ImagesOfNewYork,ImagesOfThe1950s
ImagesOfNewYork,ImagesOfThe1930s
SkyrimPorn,shittyfoodporn
shittyfoodporn,SkyrimPorn
LV426,osx
osx,LV426
ambientmusic,reggae
reggae,ambientmusic
gayporn,porninfifteenseconds
porninfifteenseconds,gayporn
vikingstv,milwaukee
milwaukee,vikingstv
gifsbabes,aspergers
aspergers,gifsbabes
ipad,UMD
UMD,ipad
ImagesOfJapan,ImagesOfNewYork
ImagesOfNewYork,ImagesOfJapan
ar15,duelyst
duelyst,ar15
ledootgeneration,disserwrite
disserwrite,ledootgeneration
ShitAmericansSay,NorthAmerican
NorthAmerican,ShitAmericansSay
3liga,Italia
Italia,3liga
linuxmasterrace,PHP
PHP,linuxmasterrace
NSFWFunny,PleX
PleX,NSFWFunny
emacs,unixporn
unixporn,emacs
ManyATrueNerd,NoSillySuffix
NoSillySuffix,ManyATrueNerd
southafrica,Omaha
Omaha,southafrica
Hawaii,tampa
tampa,Hawaii
Firearms,knives
knives,Firearms
woahdude,faeria
faeria,woahdude
playstation,videogames
videogames,playstation
faeria,LV426
LV426,faeria
Astros,Cleveland
Cleveland,Astros
RPGMaker,OCPoetry
OCPoetry,RPGMaker
ethereum,esportsnews
esportsnews,ethereum
indonesia,Hawaii
Hawaii,indonesia
TWDRoadToSurvival,UCSantaBarbara
UCSantaBarbara,TWDRoadToSurvival
avfc,ockytop
ockytop,avfc
ManyATrueNerd,ImABlue
ImABlue,ManyATrueNerd
brisbane,indonesia
indonesia,brisbane
pokemon,ShinyPokemon
ShinyPokemon,pokemon
PokemonGoUK,FlashTV
FlashTV,PokemonGoUK
florida,milwaukee
milwaukee,florida
GamerVideos,SkyrimPorn
SkyrimPorn,GamerVideos
DnD,AyyMD
AyyMD,DnD
avfc,london
london,avfc
swordartonline,comicbookart
comicbookart,swordartonline
playstation,ipad
ipad,playstation
rss_boingboing,obama
obama,rss_boingboing
photoshopbattles,battlebots
battlebots,photoshopbattles
woahdude,2meirl4meirl
2meirl4meirl,woahdude
pokemongoNYC,KenM
KenM,pokemongoNYC
EnglishLearning,grammar
grammar,EnglishLearning
RPGMaker,PMsFeedback
PMsFeedback,RPGMaker
gaybros,actuallesbians
actuallesbians,gaybros
RPGMaker,Unity3D
Unity3D,RPGMaker
ICanDrawThat,doyoucope
doyoucope,ICanDrawThat
wownoob,rss_boingboing
rss_boingboing,wownoob
Portland,milwaukee
milwaukee,Portland
RSDarkscape,CTTandcoTwitter
CTTandcoTwitter,RSDarkscape
CTTandcoTwitter,UggyRS
UggyRS,CTTandcoTwitter
woahdude,ockytop
ockytop,woahdude
rbny,ynab
ynab,rbny
chicagor4r,Charlotte
Charlotte,chicagor4r
SexyTummies,Titties
Titties,SexyTummies
Winnipeg,intj
intj,Winnipeg
SecNewsGR,FUTMobile
FUTMobile,SecNewsGR
indianpeoplefacebook,obama
obama,indianpeoplefacebook
italypremium,Italia
Italia,italypremium
ShitAmericansSay,damngoodinterracial
damngoodinterracial,ShitAmericansSay
baduk,osx
osx,baduk
ShitAmericansSay,fark
fark,ShitAmericansSay
animation,CARTOON
CARTOON,animation
london,Portland
Portland,london
ImagesOfNewZealand,ImagesOfWyoming
ImagesOfWyoming,ImagesOfNewZealand
phillies,milwaukee
milwaukee,phillies
CompetitiveHS,FeMRADebates
FeMRADebates,CompetitiveHS
Scotland,uAlberta
uAlberta,Scotland
ICanDrawThat,youtubetitties
youtubetitties,ICanDrawThat
reggae,fuckmusic
fuckmusic,reggae
GameShare,FreeGameFindings
FreeGameFindings,GameShare
london,southafrica
southafrica,london
nsfwacct10,ockytop
ockytop,nsfwacct10
ShitAmericansSay,asshole
asshole,ShitAmericansSay
MTVScream,PokemonROMhacks
PokemonROMhacks,MTVScream
XboxOneGamers,videogames
videogames,XboxOneGamers
Seahawks,Omaha
Omaha,Seahawks
nsfw_gifs,compDota2
gifs,compDota2
compDota2,nsfw_gifs
compDota2,gifs
SandersMedia,enoughsandersspam
enoughsandersspam,SandersMedia
PKGOAtlanta,KenM
KenM,PKGOAtlanta
ledootgeneration,csgo
csgo,ledootgeneration
curvy,sexygirls
sexygirls,curvy
Albuquerque,Cleveland
Cleveland,Albuquerque
XboxOneGamers,cyanogenmod
cyanogenmod,XboxOneGamers
emacs,fark
fark,emacs
arynews,UpliftingNews
UpliftingNews,arynews
rss_boingboing,radiohead
radiohead,rss_boingboing
GoldandBlack,TheRedPill
TheRedPill,GoldandBlack
maybemaybeoriginal,niceguys
niceguys,maybemaybeoriginal
Korean,NorthAmerican
NorthAmerican,Korean
fpv,Norway
Norway,fpv
truetf2,yoyhammer
yoyhammer,truetf2
gifsbabes,AmISexy
AmISexy,gifsbabes
DNCleaks,KenM
KenM,DNCleaks
omegle,ntvstyle
ntvstyle,omegle
htc,omegle
omegle,htc
woahdude,milwaukee
milwaukee,woahdude
worldbuilding,ShinedownsNation
ShinedownsNation,worldbuilding
ERB,rpdrcirclejerk
rpdrcirclejerk,ERB
chicagor4r,croatia
croatia,chicagor4r
shopify,yoyhammer
yoyhammer,shopify
alle15minuten,ntvstyle
ntvstyle,alle15minuten
newsg,UpliftingNews
UpliftingNews,newsg
damngoodinterracial,awesome
awesome,damngoodinterracial
PSNFriends,UCSantaBarbara
UCSantaBarbara,PSNFriends
EASportsUFC,GOtrades
GOtrades,EASportsUFC
BritishPolitics,gunpolitics
gunpolitics,BritishPolitics
truetf2,lgg5
truetf2,lgg4
lgg5,truetf2
lgg4,truetf2
cemu,ynab
ynab,cemu
woahdude,ntvstyle
ntvstyle,woahdude
QuotesPorn,porninfifteenseconds
porninfifteenseconds,QuotesPorn
GameTrade,FreeGameFindings
FreeGameFindings,GameTrade
ockytop,kiezkicker
kiezkicker,ockytop
Nepal,russia
russia,Nepal
KenM,UCSantaBarbara
UCSantaBarbara,KenM
truetf2,ethereum
ethereum,truetf2
Seahawks,detroitlions
detroitlions,Seahawks
pokemongoNYC,GalaxyS6
GalaxyS6,pokemongoNYC
AsianHotties,indianpeoplefacebook
indianpeoplefacebook,AsianHotties
LawSchool,OldSchoolCool
OldSchoolCool,LawSchool
XboxOneGamers,youtubegaming
youtubegaming,XboxOneGamers
rss_boingboing,asmr
asmr,rss_boingboing
GirlsFinishingTheJob,RandomActsOfBlowJob
RandomActsOfBlowJob,GirlsFinishingTheJob
linuxmint,osx
osx,linuxmint
DnD,HOTandTRENDING
HOTandTRENDING,DnD
unixporn,youtubegaming
youtubegaming,unixporn
balisong,fuckmusic
fuckmusic,balisong
HxHBattleAllStars,WWEGames
WWEGames,HxHBattleAllStars
MHOnline,HxHBattleAllStars
HxHBattleAllStars,MHOnline
russiawarinukraine,southafrica
southafrica,russiawarinukraine
obama,Omaha
Omaha,obama
hockeyplayers,ScottishFootball
ScottishFootball,hockeyplayers
linuxmint,cyanogenmod
cyanogenmod,linuxmint
Seahawks,wec
wec,Seahawks
OCLions,C_Programming
C_Programming,OCLions
chicagor4r,dubai
dubai,chicagor4r
chicagor4r,ockytop
ockytop,chicagor4r
NarutoNinjaStorm,DungeonsAndDragons
DungeonsAndDragons,NarutoNinjaStorm
disserwrite,rpdrcirclejerk
rpdrcirclejerk,disserwrite
nsfwacct10,sissyhypno
sissyhypno,nsfwacct10
BoobsSelfshots,SexyTummies
SexyTummies,BoobsSelfshots
SiliconValleyHBO,FUTMobile
FUTMobile,SiliconValleyHBO
RPGMaker,FlashTV
FlashTV,RPGMaker
CTTandcoTwitter,Pathfinder_RPG
Pathfinder_RPG,CTTandcoTwitter
europe,Italia
Italia,europe
faeria,lgg5
faeria,lgg4
lgg5,faeria
lgg4,faeria
HxHBattleAllStars,OCLions
OCLions,HxHBattleAllStars
ar15,sissyhypno
sissyhypno,ar15
SpaceNewsBot,FreeEuropeNews
FreeEuropeNews,SpaceNewsBot
philadelphia,Albuquerque
Albuquerque,philadelphia
Denver,Calgary
Calgary,Denver
yoyhammer,disserwrite
disserwrite,yoyhammer
howyoudoin,WatchItForThePlot
WatchItForThePlot,howyoudoin
MMORPG,youtubegaming
youtubegaming,MMORPG
NSFWFunny,PokemonROMhacks
PokemonROMhacks,NSFWFunny
philadelphia,milwaukee
milwaukee,philadelphia
ar15,osx
osx,ar15
russiawarinukraine,greece
greece,russiawarinukraine
PokemonROMhacks,ParagonLFG
ParagonLFG,PokemonROMhacks
chicagor4r,fark
fark,chicagor4r
chicagor4r,ar15
ar15,chicagor4r
london,Cleveland
Cleveland,london
WWEGames,MotoG
MotoG,WWEGames
Winnipeg,Calgary
Calgary,Winnipeg
Norway,osx
osx,Norway
OCPoetry,NBASpurs
NBASpurs,OCPoetry
MTVScream,UCSantaBarbara
UCSantaBarbara,MTVScream
Bestbuy,XboxOneGamers
XboxOneGamers,Bestbuy
avfc,lgg5
avfc,lgg4
lgg5,avfc
lgg4,avfc
Nikon,osx
osx,Nikon
nsfwacct10,asmr
asmr,nsfwacct10
XboxOneGamers,GamerPals
GamerPals,XboxOneGamers
ar15,disserwrite
disserwrite,ar15
MotoUK,OverwatchLFT
OverwatchLFT,MotoUK
MMORPG,radiohead
radiohead,MMORPG
phillies,Omaha
Omaha,phillies
Norway,ynab
ynab,Norway
asktransgender,actuallesbians
actuallesbians,asktransgender
MTVScream,SecNewsGR
SecNewsGR,MTVScream
WorldOfNintendo,Kotaku
Kotaku,WorldOfNintendo
PSNFriends,FlashTV
FlashTV,PSNFriends
singing,Dance
Dance,singing
assinthong,pics
pics,assinthong
NintendoNX,NBA2k
NBA2k,NintendoNX
yokaiwatch,WatchItForThePlot
WatchItForThePlot,yokaiwatch
nevertellmetheodds,FuckYou
FuckYou,nevertellmetheodds
FlashTV,NBASpurs
NBASpurs,FlashTV
TWDRoadToSurvival,GOtrades
GOtrades,TWDRoadToSurvival
MHOnline,GOtrades
GOtrades,MHOnline
rss_boingboing,alle15minuten
alle15minuten,rss_boingboing
OCLions,CompetitiveHS
CompetitiveHS,OCLions
russiawarinukraine,croatia
croatia,russiawarinukraine
frprn,ynab
ynab,frprn
FlashTV,PokemonROMhacks
PokemonROMhacks,FlashTV
omegle,fpv
fpv,omegle
WWEGames,PokemonROMhacks
PokemonROMhacks,WWEGames
GalaxyS6,FUTMobile
FUTMobile,GalaxyS6
rss_boingboing,ntvstyle
ntvstyle,rss_boingboing
worldbuilding,firstworldproblems
firstworldproblems,worldbuilding
GuessTheMovie,WeAreTheMusicMakers
WeAreTheMusicMakers,GuessTheMovie
rickandmorty,fark
fark,rickandmorty
WWEGames,FeMRADebates
FeMRADebates,WWEGames
rickandmorty,deutsche
deutsche,rickandmorty
ockytop,disserwrite
disserwrite,ockytop
RATS,insects
insects,RATS
osx,arduino
arduino,osx
appleswap,funkoswap
funkoswap,appleswap
NarutoNinjaStorm,pokemon
pokemon,NarutoNinjaStorm
altgonewild,gone_nsfw
gone_nsfw,altgonewild
Miami,milwaukee
milwaukee,Miami
FlashTV,Pathfinder_RPG
Pathfinder_RPG,FlashTV
Jazz,mymusic
mymusic,Jazz
MTVScream,GOtrades
GOtrades,MTVScream
LeagueOfMemes,LeagueOfMeta
LeagueOfMeta,LeagueOfMemes
Spanish,German
German,Spanish
ar15,lgg5
ar15,lgg4
lgg5,ar15
lgg4,ar15
lingerie,sexygirls
sexygirls,lingerie
rss_boingboing,brisbane
brisbane,rss_boingboing
islam,obama
obama,islam
Seahawks,woahdude
woahdude,Seahawks
london,tampa
tampa,london
RATS,arcticmonkeys
arcticmonkeys,RATS
howyoudoin,niceguys
niceguys,howyoudoin
Internet,webhosting
webhosting,Internet
KenM,Pathfinder_RPG
Pathfinder_RPG,KenM
KindleFreebies,ipad
ipad,KindleFreebies
jales,ynab
ynab,jales
GalaxyS6,OverwatchLFT
OverwatchLFT,GalaxyS6
NintendoNX,SiliconValleyHBO
SiliconValleyHBO,NintendoNX
PleX,NBA2k
NBA2k,PleX
ynab,rpdrcirclejerk
rpdrcirclejerk,ynab
SkyrimPorn,gayporn
gayporn,SkyrimPorn
Winnipeg,vikingstv
vikingstv,Winnipeg
dubai,indonesia
indonesia,dubai
HDdesktopWallpaper,HOTandTRENDING
HOTandTRENDING,HDdesktopWallpaper
csgoscammers,rpdrcirclejerk
rpdrcirclejerk,csgoscammers
MHOnline,FlashTV
FlashTV,MHOnline
russian,Spanish
Spanish,russian
SpaceNewsBot,NewsChina
NewsChina,SpaceNewsBot
sailing,boating
boating,sailing
FlashTV,PleX
PleX,FlashTV
chicagoroommates,Miami
Miami,chicagoroommates
CTTandcoTwitter,SecNewsGR
SecNewsGR,CTTandcoTwitter
Lenovo,Gameboy
Gameboy,Lenovo
argentina,russia
russia,argentina
htc,beatles
beatles,htc
Wicked_JohnRS,FUTMobile
FUTMobile,Wicked_JohnRS
woahdude,youtubetitties
youtubetitties,woahdude
TF2fashionadvice,RPGMaker
RPGMaker,TF2fashionadvice
Ohio,Omaha
Omaha,Ohio
ihavenolifeee,rickandmorty
rickandmorty,ihavenolifeee
beatles,fuckmusic
fuckmusic,beatles
CTTandcoTwitter,GOtrades
GOtrades,CTTandcoTwitter
hoggit,truetf2
truetf2,hoggit
FeMRADebates,NBA2k
NBA2k,FeMRADebates
Rabbits,CatsStandingUp
CatsStandingUp,Rabbits
chicagor4r,Winnipeg
Winnipeg,chicagor4r
howyoudoin,InterestingFactsAbout
InterestingFactsAbout,howyoudoin
chicagor4r,omegle
omegle,chicagor4r
lgg5,disserwrite
lgg4,disserwrite
disserwrite,lgg5
disserwrite,lgg4
MMORPG,Gameboy
Gameboy,MMORPG
Portland,Omaha
Omaha,Portland
russiawarinukraine,NorthAmerican
NorthAmerican,russiawarinukraine
HotVids,LetsPlayVideos
LetsPlayVideos,HotVids
europe,indonesia
indonesia,europe
emacs,Nikon
Nikon,emacs
OCLions,CTTandcoTwitter
CTTandcoTwitter,OCLions
MMORPG,hentai
hentai,MMORPG
Seahawks,ufc
ufc,Seahawks
brisbane,Calgary
Calgary,brisbane
chicagor4r,osx
osx,chicagor4r
rbny,yoyhammer
yoyhammer,rbny
C_Programming,HOTandTRENDING
HOTandTRENDING,C_Programming
howyoudoin,WeAreTheMusicMakers
WeAreTheMusicMakers,howyoudoin
AsianHotties,Titties
Titties,AsianHotties
Korean,arduino
arduino,Korean
Nikon,UMD
UMD,Nikon
iOSProgramming,KenM
KenM,iOSProgramming
htc,Gameboy
Gameboy,htc
RPGMaker,CTTandcoTwitter
CTTandcoTwitter,RPGMaker
Portland,Ohio
Ohio,Portland
HxHBattleAllStars,MTVScream
MTVScream,HxHBattleAllStars
religion,islam
islam,religion
woahdude,ynab
ynab,woahdude
woahdude,nsfwacct10
nsfwacct10,woahdude
HxHBattleAllStars,OutreachHPG
OutreachHPG,HxHBattleAllStars
everymanshouldknow,DecidingToBeBetter
DecidingToBeBetter,everymanshouldknow
uktrees,tressless
tressless,uktrees
woahdude,ERB
ERB,woahdude
ntvstyle,gifsbabes
gifsbabes,ntvstyle
csgoscammers,omegle
omegle,csgoscammers
CTTandcoTwitter,C_Programming
C_Programming,CTTandcoTwitter
london,milwaukee
milwaukee,london
gifsbabes,Titties
Titties,gifsbabes
NintendoNX,FUTMobile
FUTMobile,NintendoNX
CTTandcoTwitter,BlackPeopleTwitter
BlackPeopleTwitter,CTTandcoTwitter
WWEGames,HDdesktopWallpaper
HDdesktopWallpaper,WWEGames
DoesAnybodyElse,doyoucope
doyoucope,DoesAnybodyElse
SkyrimPorn,unixporn
unixporn,SkyrimPorn
DungeonsAndDragons,beadsprites
beadsprites,DungeonsAndDragons
PokemonGoUK,NSFWFunny
NSFWFunny,PokemonGoUK
intj,milwaukee
milwaukee,intj
LV426,rickandmorty
rickandmorty,LV426
stonerrock,indieheads
indieheads,stonerrock
truetf2,disserwrite
disserwrite,truetf2
fullmoviesonyoutube,ntvstyle
ntvstyle,fullmoviesonyoutube
PokemonGoUK,UCSantaBarbara
UCSantaBarbara,PokemonGoUK
radiohead,vikingstv
vikingstv,radiohead
nsfwacct10,rpdrcirclejerk
rpdrcirclejerk,nsfwacct10
arduino,rickandmorty
rickandmorty,arduino
greece,dubai
dubai,greece
russian,vikingstv
vikingstv,russian
PokemonROMhacks,TWDRoadToSurvival
TWDRoadToSurvival,PokemonROMhacks
DCcomics,NSFWFunny
NSFWFunny,DCcomics
maybemaybeoriginal,FuckYou
FuckYou,maybemaybeoriginal
CampHalfBloodRP,TWDRoadToSurvival
TWDRoadToSurvival,CampHalfBloodRP
radiohead,rickandmorty
rickandmorty,radiohead
ethereum,disserwrite
disserwrite,ethereum
anime_irl,ShinyPokemon
ShinyPokemon,anime_irl
ParagonLFG,FeMRADebates
FeMRADebates,ParagonLFG
